trial,num_iter,smoothing,lambda1,lambda2,t_init,radius_closing,dice,hausdorff,score
192,22,1,4,2,27.318285882573413,1,0.9512987740648603,26.0,0.9252987740648603
298,24,1,4,2,26.059732225782184,1,0.951279637846802,26.0,0.925279637846802
204,30,1,4,2,30.408750831879104,1,0.9512752700703752,26.0,0.9252752700703751
301,24,1,4,2,25.399462493214312,1,0.9512118632677747,26.0,0.9252118632677747
207,30,1,4,2,25.730614632942356,1,0.9511883694361686,26.0,0.9251883694361686
361,25,1,4,2,55.52710748613065,1,0.9511714375307978,26.0,0.9251714375307978
279,29,1,4,2,25.6392453906044,1,0.9511178816255209,26.0,0.9251178816255209
308,24,1,4,2,25.23063296189107,1,0.9510997511266563,26.0,0.9250997511266563
290,24,1,4,2,25.61060998200261,1,0.9510248015428084,26.0,0.9250248015428084
374,25,1,3,2,58.08024288679778,1,0.9510175999289788,26.0,0.9250175999289788
208,20,1,4,2,25.698731133269167,1,0.9509894000851579,26.0,0.9249894000851578
195,22,1,4,2,25.968903200894555,1,0.9509894000851579,26.0,0.9249894000851578
21,25,1,4,2,22.60274149505627,1,0.9509724836425563,26.0,0.9249724836425562
281,25,1,3,2,26.2449585405119,1,0.9509666822046126,26.0,0.9249666822046125
300,24,1,4,2,25.379185087360327,1,0.9509313846360763,26.0,0.9249313846360763
330,24,1,3,2,24.561931360283978,1,0.950920109214411,26.0,0.9249201092144109
390,25,1,3,2,58.56026553041177,1,0.9509186118753883,26.0,0.9249186118753883
369,25,1,3,2,58.251364628238264,1,0.9509186118753883,26.0,0.9249186118753883
338,24,1,4,2,23.641264431774555,1,0.9509019607843138,26.0,0.9249019607843137
389,25,1,3,2,23.48956314308221,1,0.9508968211685314,26.0,0.9248968211685313
363,25,1,3,2,23.564140404883215,1,0.9508968211685314,26.0,0.9248968211685313
373,25,1,3,2,23.099500883357095,1,0.9508968211685314,26.0,0.9248968211685313
276,29,1,3,2,26.042940603006077,1,0.9508676934002042,26.0,0.9248676934002041
292,25,1,3,2,25.763567684926606,1,0.9508676934002042,26.0,0.9248676934002041
352,29,1,4,2,23.752535921806945,1,0.9508601161773611,26.0,0.9248601161773611
205,30,1,4,2,21.055738514972237,1,0.9508284939124195,26.0,0.9248284939124195
198,25,1,4,2,20.704262630584886,1,0.9508284939124195,26.0,0.9248284939124195
339,25,1,3,2,24.057944963840985,1,0.9508211273857079,26.0,0.9248211273857079
311,24,1,3,2,24.774405638898035,1,0.9508211273857079,26.0,0.9248211273857079
310,24,1,3,2,24.899990570853912,1,0.9508167613636364,26.0,0.9248167613636363
376,25,1,3,2,23.633509647534325,1,0.9507978428282918,26.0,0.9247978428282918
354,29,1,3,2,23.13930393071199,1,0.9507978428282918,26.0,0.9247978428282918
342,25,1,3,2,23.415508842401632,1,0.9507978428282918,26.0,0.9247978428282918
202,30,1,4,2,20.958426521736914,1,0.9507608866178086,26.0,0.9247608866178085
371,25,1,3,2,57.81043360850833,1,0.9507498447067175,26.0,0.9247498447067175
348,25,1,3,2,55.16301678795045,1,0.9507331248197689,26.0,0.9247331248197689
351,29,1,4,2,23.63509934132407,1,0.9507196986682211,26.0,0.9247196986682211
358,25,1,3,2,56.72515927277428,1,0.9507120358457921,26.0,0.9247120358457921
333,24,1,4,2,23.557273765209583,1,0.9507028044925684,26.0,0.9247028044925684
199,24,1,4,2,20.698768757179362,1,0.9506837032055593,26.0,0.9246837032055593
304,24,1,3,2,25.65118003308436,1,0.9506806119956477,26.0,0.9246806119956477
283,24,1,3,2,25.667260940674133,1,0.9506806119956477,26.0,0.9246806119956477
203,30,1,4,2,20.34137079602769,1,0.9506668160932422,26.0,0.9246668160932422
305,24,1,3,2,25.140412739954172,1,0.9506567270145545,26.0,0.9246567270145545
296,25,1,3,2,25.629053315543246,1,0.950640015972669,26.0,0.924640015972669
347,25,1,3,2,24.253521397219576,1,0.9506340076835957,26.0,0.9246340076835957
262,24,1,3,1,24.97346404558154,1,0.9510250056318991,26.40075756488817,0.9246242480670109
274,24,1,3,2,25.659897747564465,1,0.9506189271928657,26.0,0.9246189271928656
391,25,1,3,2,58.33181772850615,1,0.9506170104348982,26.0,0.9246170104348982
319,24,1,3,2,24.652378205957675,1,0.9505934553521908,26.0,0.9245934553521907
324,24,1,3,2,24.871945505065963,1,0.9505934553521908,26.0,0.9245934553521907
364,25,1,3,2,23.421688929026878,1,0.9505868778983336,26.0,0.9245868778983336
394,25,1,3,2,23.139939882269427,1,0.9505868778983336,26.0,0.9245868778983336
332,24,1,3,2,23.874140624497073,1,0.9505868778983336,26.0,0.9245868778983336
40,30,1,3,2,28.175312523662576,3,0.9505841665373446,26.0,0.9245841665373445
271,24,1,3,1,47.44660210255185,1,0.9509830447330447,26.40075756488817,0.9245822871681566
200,25,1,4,2,20.919634584948323,1,0.9505785272221724,26.0,0.9245785272221724
325,24,1,3,2,25.019211221407332,1,0.9505772646536412,26.0,0.9245772646536412
277,24,1,3,2,25.527460605519572,1,0.9505772646536412,26.0,0.9245772646536412
356,25,1,3,2,24.231710213686174,1,0.9505723666696246,26.0,0.9245723666696246
344,28,1,3,2,24.020795359188785,1,0.9505723666696246,26.0,0.9245723666696246
379,25,1,3,2,23.625215260423357,1,0.9505701734924791,26.0,0.924570173492479
378,25,1,3,2,23.80285583181812,1,0.950549084858569,26.0,0.924549084858569
382,25,1,3,2,23.558691774411255,1,0.950549084858569,26.0,0.924549084858569
329,24,1,3,2,23.25716787854294,1,0.950549084858569,26.0,0.924549084858569
396,25,1,3,2,23.03128142128163,1,0.950549084858569,26.0,0.924549084858569
323,24,1,3,2,24.269465899171227,1,0.950535056169797,26.0,0.924535056169797
130,26,1,3,2,37.488348486100605,3,0.95046652334833,26.0,0.92446652334833
129,22,1,4,1,65.12780061233607,1,0.9508591143291645,26.40075756488817,0.9244583567642763
225,21,1,4,1,47.67844988719865,1,0.9508591143291645,26.40075756488817,0.9244583567642763
303,24,1,3,2,25.260930495351364,1,0.9503706663115372,26.0,0.9243706663115372
256,24,1,3,1,25.766817445228295,1,0.9507701328281803,26.40075756488817,0.9243693752632922
393,25,1,3,2,23.08096761771087,1,0.9503542948532842,26.0,0.9243542948532841
346,25,1,3,2,23.90166691409521,1,0.9503542948532842,26.0,0.9243542948532841
285,24,1,3,2,25.43106116724396,1,0.9503328894806924,26.0,0.9243328894806924
282,24,1,3,2,25.404709499619287,1,0.9503328894806924,26.0,0.9243328894806924
345,28,1,3,2,24.042837572653493,1,0.9503073884191136,26.0,0.9243073884191135
182,20,1,3,1,27.871777213321963,1,0.9506991429860171,26.40075756488817,0.924298385421129
312,24,1,3,2,24.111917778070666,1,0.9502862976607928,26.0,0.9242862976607927
293,24,1,3,2,24.48621953090846,1,0.9502862976607928,26.0,0.9242862976607927
168,18,1,4,1,53.12887793775914,2,0.950686485873142,26.40075756488817,0.9242857283082538
263,24,1,3,1,26.136196112115147,1,0.9506562626854901,26.40075756488817,0.924255505120602
196,22,1,4,1,46.485977595670846,1,0.9506447511805304,26.40075756488817,0.9242439936156422
191,22,1,4,1,28.40525203617506,1,0.9506447511805304,26.40075756488817,0.9242439936156422
158,20,1,4,1,52.921833453176845,2,0.9506388579987745,26.40075756488817,0.9242381004338863
209,20,1,4,1,26.106788596131288,1,0.9505971030286519,26.40075756488817,0.9241963454637637
270,24,1,3,1,25.419590096138414,1,0.9505794291382964,26.40075756488817,0.9241786715734083
265,24,1,3,1,25.725341168784297,1,0.9505794291382964,26.40075756488817,0.9241786715734083
214,20,1,4,1,53.83774711612172,1,0.9505665432911737,26.40075756488817,0.9241657857262856
247,29,1,3,1,25.62001740762183,1,0.9505410279531109,26.40075756488817,0.9241402703882228
197,22,1,4,1,46.140695008169395,1,0.9504950495049505,26.40075756488817,0.9240942919400623
372,29,1,3,2,23.554106698592364,1,0.9500444049733571,26.0,0.924044404973357
398,25,1,3,2,23.358652760704096,1,0.9500444049733571,26.0,0.924044404973357
245,24,1,4,1,31.759807637346004,1,0.950423545976881,26.40075756488817,0.9240227884119928
163,29,1,4,1,31.649184310212505,1,0.950423545976881,26.40075756488817,0.9240227884119928
235,22,1,4,1,31.44973639092154,1,0.9503952030526029,26.40075756488817,0.9239944454877148
185,20,1,4,1,32.453637380257206,1,0.9503758715450478,26.40075756488817,0.9239751139801596
179,30,1,4,1,20.333859743575587,1,0.9503758715450478,26.40075756488817,0.9239751139801596
172,21,1,4,1,21.977244722859176,1,0.9503587973476246,26.40075756488817,0.9239580397827365
248,24,1,4,1,31.51030621366895,1,0.9503520327049739,26.40075756488817,0.9239512751400858
224,21,1,4,1,25.680003829952838,1,0.9503043517761425,26.40075756488817,0.9239035942112543
249,24,1,4,1,25.960550357059123,1,0.9503043517761425,26.40075756488817,0.9239035942112543
244,29,1,4,1,25.603096620673007,1,0.9501590186278964,26.40075756488817,0.9237582610630083
241,30,1,4,1,25.27610441824124,1,0.9501590186278964,26.40075756488817,0.9237582610630083
219,21,1,4,1,52.749808214318044,1,0.950155692433575,26.40075756488817,0.9237549348686869
215,20,1,4,1,48.390512888189406,1,0.950155692433575,26.40075756488817,0.9237549348686869
239,19,1,4,1,26.15844146545715,1,0.950103430247096,26.40075756488817,0.9237026726822078
233,22,1,4,1,26.01576281776251,1,0.9500602368558634,26.40075756488817,0.9236594792909752
222,21,1,4,1,20.5873359864247,1,0.9500306769377599,26.40075756488817,0.9236299193728718
229,21,1,4,1,26.24194324631281,1,0.9499886337804047,26.40075756488817,0.9235878762155165
170,22,1,4,1,20.737767649369804,1,0.9499840858454963,26.40075756488817,0.9235833282806082
164,30,1,4,1,36.75581513599623,1,0.9499352316887485,26.40075756488817,0.9235344741238604
189,22,1,4,1,27.988159516038536,1,0.9499113676651061,26.40075756488817,0.923510610100218
237,22,1,4,1,25.522145555362414,1,0.9498966120566248,26.40075756488817,0.9234958544917367
82,19,1,4,2,42.350671280772396,1,0.9498943622817747,26.40075756488817,0.9234936047168866
284,24,1,4,2,25.333515076461737,1,0.949871007917445,26.40075756488817,0.9234702503525569
220,30,1,4,2,52.714886136687575,1,0.9498543441037159,26.40075756488817,0.9234535865388278
297,24,1,4,2,26.02680136351361,1,0.9498476525142895,26.40075756488817,0.9234468949494014
187,21,1,4,1,29.289107275769513,1,0.9498408367439746,26.40075756488817,0.9234400791790864
246,29,1,4,1,25.297609804818347,1,0.9498408367439746,26.40075756488817,0.9234400791790864
218,30,1,4,1,20.855499533995488,1,0.9498352085464258,26.40075756488817,0.9234344509815376
167,30,1,4,1,23.305161035565902,1,0.9498250238603827,26.40075756488817,0.9234242662954946
201,30,1,4,2,26.05257540524482,1,0.9497664071190212,26.40075756488817,0.923365649554133
183,20,1,4,2,27.407457729948042,1,0.9496963089861392,26.40075756488817,0.9232955514212511
194,22,1,4,1,20.764276537050762,1,0.949629494931127,26.40075756488817,0.9232287373662389
190,23,1,4,1,20.16572425518595,1,0.949629494931127,26.40075756488817,0.9232287373662389
289,24,1,4,2,25.5549803274134,1,0.9496060187864488,26.40075756488817,0.9232052612215607
350,25,1,4,2,23.905186346801926,1,0.9496050728668373,26.40075756488817,0.9232043153019491
180,30,1,4,1,20.46462823582495,1,0.949603327953445,26.40075756488817,0.9232025703885569
184,20,1,4,2,29.294582815664725,1,0.9496005874368617,26.40075756488817,0.9231998298719736
165,30,1,4,1,21.074183521647207,1,0.9495863260296391,26.40075756488817,0.923185568464751
171,30,1,4,1,20.728947123783346,1,0.9495735243944047,26.40075756488817,0.9231727668295165
337,24,1,4,2,24.031968746445134,1,0.9495659915423993,26.40075756488817,0.9231652339775112
315,26,1,4,2,24.42077914586733,1,0.9495592556317336,26.40075756488817,0.9231584980668455
264,24,1,3,1,25.620163408864382,1,0.9491556242471078,26.0,0.9231556242471077
288,25,1,4,2,26.050522126320523,1,0.9495515944544585,26.40075756488817,0.9231508368895703
302,24,1,4,2,25.41652954466482,1,0.9495515944544585,26.40075756488817,0.9231508368895703
295,24,1,4,2,25.884305105014832,1,0.9494936004451864,26.40075756488817,0.9230928428802982
278,24,1,4,2,25.976171203215415,1,0.9494589660239569,26.40075756488817,0.9230582084590687
331,24,1,4,2,23.886994372848406,1,0.949435575445862,26.40075756488817,0.9230348178809739
255,24,1,3,1,25.909749022892793,1,0.9490338713343942,26.0,0.9230338713343942
353,29,1,4,2,23.14607434748305,1,0.9494301994301995,26.40075756488817,0.9230294418653113
253,24,1,3,1,25.785553238869785,1,0.9490292365752739,26.0,0.9230292365752739
269,24,1,3,1,25.761085820704405,1,0.9490292365752739,26.0,0.9230292365752739
349,25,1,4,2,24.20083499953995,1,0.9494121838261489,26.40075756488817,0.9230114262612608
266,25,1,3,1,25.868652276415368,1,0.9490053427304763,26.0,0.9230053427304763
299,24,1,4,2,25.497730298890474,1,0.9493978049377769,26.40075756488817,0.9229970473728888
206,30,1,4,2,20.30333271361734,1,0.9493842830739083,26.40075756488817,0.9229835255090202
257,24,1,3,1,25.351216048252105,1,0.9489621933753154,26.0,0.9229621933753154
268,24,1,3,1,26.305962814397503,1,0.9489336546769133,26.0,0.9229336546769132
254,24,1,3,1,26.063195064892724,1,0.9488589871806528,26.0,0.9228589871806527
110,12,1,5,3,41.140745403971735,1,0.9490130123041516,26.30589287593181,0.9227071194282198
193,21,1,4,2,21.22070465108921,1,0.9490777866880513,26.40075756488817,0.9226770291231632
71,15,1,1,1,52.51407905292973,2,0.9481012658227848,26.0,0.9221012658227847
359,25,1,3,2,57.580285476376254,1,0.9482154273494853,26.1725046566048,0.9220429226928805
360,25,1,3,2,57.737691539939384,1,0.9482040087318913,26.1725046566048,0.9220315040752864
368,25,1,3,2,58.13832392113849,1,0.9481739590684545,26.1725046566048,0.9220014544118497
267,24,1,3,2,48.387939063205465,1,0.9480485115766263,26.1725046566048,0.9218760069200215
335,25,1,3,2,35.132038672913936,1,0.948046220340478,26.1725046566048,0.9218737156838732
306,24,1,3,2,25.4941971315088,1,0.9480416372618208,26.1725046566048,0.921869132605216
392,25,1,3,2,58.93187089916755,1,0.9480416372618208,26.1725046566048,0.921869132605216
309,24,1,3,2,25.150254179092347,1,0.9480416372618208,26.1725046566048,0.921869132605216
287,24,1,3,2,25.228410051805806,1,0.9480416372618208,26.1725046566048,0.921869132605216
316,24,1,3,2,25.04231300028673,1,0.9480416372618208,26.1725046566048,0.921869132605216
320,24,1,3,2,24.687841217765907,1,0.9479952362048432,26.1725046566048,0.9218227315482383
336,24,1,3,2,24.195607849045363,1,0.9479952362048432,26.1725046566048,0.9218227315482383
341,25,1,3,2,24.25325799244125,1,0.9479952362048432,26.1725046566048,0.9218227315482383
343,25,1,3,2,24.036513078898484,1,0.9479952362048432,26.1725046566048,0.9218227315482383
313,24,1,3,2,24.351494732843314,1,0.9479952362048432,26.1725046566048,0.9218227315482383
321,24,1,3,2,24.5326589994229,1,0.9479952362048432,26.1725046566048,0.9218227315482383
272,24,1,3,2,48.23314675872153,1,0.9479837642283596,26.1725046566048,0.9218112595717548
366,25,1,3,2,22.36567076039092,1,0.9479697390767331,26.1725046566048,0.9217972344201283
388,25,1,3,2,22.67738485515522,1,0.9479697390767331,26.1725046566048,0.9217972344201283
334,24,1,3,2,24.066706417947344,1,0.947953667953668,26.1725046566048,0.9217811632970632
355,25,1,3,2,23.650130243404835,1,0.9479488310542568,26.1725046566048,0.921776326397652
357,29,1,3,2,23.775091913744962,1,0.9479488310542568,26.1725046566048,0.921776326397652
383,25,1,3,2,23.491090423774317,1,0.9479488310542568,26.1725046566048,0.921776326397652
380,25,1,3,2,23.68477319447669,1,0.9479488310542568,26.1725046566048,0.921776326397652
326,24,1,3,2,23.86478497367434,1,0.9479488310542568,26.1725046566048,0.921776326397652
365,25,1,3,2,23.24815079974371,1,0.9479488310542568,26.1725046566048,0.921776326397652
367,25,1,3,2,22.616890726593763,1,0.9479281585102158,26.1725046566048,0.921755653853611
275,24,1,3,2,25.752103629811547,1,0.9479210323149884,26.1725046566048,0.9217485276583836
387,25,1,3,2,23.445514801214546,1,0.9479072435628709,26.1725046566048,0.9217347389062661
317,24,1,3,2,23.77344264326221,1,0.9479072435628709,26.1725046566048,0.9217347389062661
328,24,1,3,2,34.899360961384204,1,0.9478817299205649,26.1725046566048,0.92170922526396
318,24,1,3,2,24.500062252028737,1,0.947874616725123,26.1725046566048,0.9217021120685182
286,24,1,3,2,25.69507743352932,1,0.9478723169574904,26.1725046566048,0.9216998123008856
294,24,1,3,2,26.274228683080135,1,0.9478723169574904,26.1725046566048,0.9216998123008856
280,24,1,3,2,25.27430008576632,1,0.9478283898305084,26.1725046566048,0.9216558851739036
307,24,1,3,2,25.293278785925573,1,0.9478283898305084,26.1725046566048,0.9216558851739036
370,25,1,3,2,23.591299872805806,1,0.9478281970395535,26.1725046566048,0.9216556923829486
381,25,1,3,2,23.668968637056807,1,0.9478281970395535,26.1725046566048,0.9216556923829486
362,25,1,3,2,24.19002388255714,1,0.9478258951223278,26.1725046566048,0.921653390465723
340,25,1,3,2,24.41062946326319,1,0.9478258951223278,26.1725046566048,0.921653390465723
322,25,1,3,2,24.047763323652486,1,0.9478258951223278,26.1725046566048,0.921653390465723
314,24,1,3,2,24.55091530760218,1,0.9478258951223278,26.1725046566048,0.921653390465723
291,24,1,3,2,24.446257650282227,1,0.9478258951223278,26.1725046566048,0.921653390465723
327,24,1,3,2,24.337379332083906,1,0.9477819465901567,26.1725046566048,0.9216094419335519
273,24,1,3,2,26.125777483899586,1,0.9477493380406001,26.1725046566048,0.9215768333839953
377,28,1,3,2,23.159181096352643,1,0.9476146343616223,26.1725046566048,0.9214421297050175
386,25,1,3,2,23.37767014331748,1,0.9476146343616223,26.1725046566048,0.9214421297050175
375,25,1,3,2,23.74639829218228,1,0.9475705865471644,26.1725046566048,0.9213980818905596
399,25,1,3,2,23.318328412047045,1,0.9475705865471644,26.1725046566048,0.9213980818905596
385,25,1,3,2,23.397924261430504,1,0.9474915575959565,26.1725046566048,0.9213190529393517
100,27,1,3,2,23.44152058826466,1,0.9474915575959565,26.1725046566048,0.9213190529393517
397,25,1,3,2,22.384889811249913,1,0.9474520535852221,26.1725046566048,0.9212795489286173
395,25,1,3,2,22.965461956796073,1,0.9473289183222958,26.1725046566048,0.921156413665691
384,25,1,3,2,22.654123028867964,1,0.9473289183222958,26.1725046566048,0.921156413665691
101,29,1,4,3,39.9214008788698,2,0.9472483103660142,26.1725046566048,0.9210758057094094
16,11,1,2,2,51.35481845790692,2,0.9470590796290652,26.0,0.9210590796290652
211,20,1,4,1,52.899109772577745,1,0.9463434750733137,26.0,0.9203434750733137
221,21,1,4,1,48.13945982877069,1,0.9463405689137461,26.0,0.920340568913746
210,30,1,4,1,52.957135943860976,1,0.9463405689137461,26.0,0.920340568913746
212,21,1,4,1,48.511456053234774,1,0.9463405689137461,26.0,0.920340568913746
217,30,1,4,1,53.265850972445456,1,0.9462868675748819,26.0,0.9202868675748819
251,24,1,4,1,25.760086106841342,1,0.9462681092976343,26.0,0.9202681092976343
243,29,1,4,1,25.821608820282936,1,0.9462681092976343,26.0,0.9202681092976343
236,22,1,4,1,25.47706395161139,1,0.9462553045073976,26.0,0.9202553045073976
166,30,1,4,1,32.8736940802875,1,0.9462513465814023,26.0,0.9202513465814023
234,21,1,4,1,25.48150347741477,1,0.9462469067913115,26.0,0.9202469067913115
230,21,1,4,1,26.985388820324935,1,0.9462266963241532,26.0,0.9202266963241532
238,22,1,4,1,25.305395662394638,1,0.9462266963241532,26.0,0.9202266963241532
259,29,1,4,1,25.05184447627011,1,0.9462000642113471,26.0,0.920200064211347
240,30,1,4,1,31.93871968330246,1,0.9461926605504587,26.0,0.9201926605504587
252,24,1,4,1,26.116184767768754,1,0.9461788841516526,26.0,0.9201788841516526
216,20,1,4,1,52.44857591520101,1,0.9461670677208662,26.0,0.9201670677208662
160,30,1,4,1,20.11215960220487,1,0.9461212329551966,26.0,0.9201212329551965
188,21,1,4,1,29.840163683676714,1,0.9461201458815973,26.0,0.9201201458815973
250,24,1,4,1,25.403326018427478,1,0.9460946094609461,26.0,0.9200946094609461
227,21,1,4,1,25.996990265863197,1,0.9460946094609461,26.0,0.9200946094609461
231,21,1,4,1,25.671191624628904,1,0.9460946094609461,26.0,0.9200946094609461
181,30,1,4,1,28.125962464770012,1,0.9460946094609461,26.0,0.9200946094609461
161,26,1,4,1,20.233070065526665,1,0.9460767448794697,26.0,0.9200767448794697
174,21,1,4,1,20.829143791621288,1,0.9460767448794697,26.0,0.9200767448794697
186,21,1,4,1,28.31446213461438,1,0.9460512444424073,26.0,0.9200512444424073
258,29,1,4,1,25.272420203410114,1,0.9460135367672364,26.0,0.9200135367672364
261,24,1,4,1,25.531755026120482,1,0.9460091743119267,26.0,0.9200091743119266
176,30,1,4,1,20.576969608753984,1,0.9459973858607168,26.0,0.9199973858607168
260,24,1,4,1,26.014630427498155,1,0.9459868753154972,26.0,0.9199868753154972
169,30,1,4,1,21.193378933183368,1,0.9459230222589001,26.0,0.9199230222589001
242,30,1,4,1,25.962250902466188,1,0.945898218012522,26.0,0.919898218012522
232,22,1,4,1,27.073983774092213,1,0.9458715596330275,26.0,0.9198715596330275
226,21,1,4,1,31.33683385990462,1,0.9458715596330275,26.0,0.9198715596330275
178,30,1,4,1,22.90875053538265,1,0.9457847903862031,26.0,0.9197847903862031
228,21,1,4,1,20.520652837426958,1,0.9457588262265016,26.0,0.9197588262265016
223,21,1,4,1,20.12418459255055,1,0.9457588262265016,26.0,0.9197588262265016
173,20,1,4,1,22.97339712633651,1,0.9457190052307974,26.0,0.9197190052307974
175,30,1,4,1,20.536455991430632,1,0.9456898331918409,26.0,0.9196898331918408
177,30,1,4,1,20.145135570683646,1,0.9456105338012983,26.0,0.9196105338012983
213,20,1,4,1,20.855522000979885,1,0.9455821313091934,26.0,0.9195821313091934
162,30,1,4,1,21.74088607519014,1,0.9455671521963528,26.0,0.9195671521963528
74,13,1,2,2,50.43288722614511,3,0.944830884270933,26.0,0.918830884270933
23,23,1,3,3,39.51765305614007,3,0.9447137856816749,26.0,0.9187137856816748
31,12,1,2,3,43.80114008402292,1,0.9437935572960494,26.0,0.9177935572960494
4,14,1,3,4,48.84643878460382,3,0.943064248994429,26.0,0.917064248994429
55,28,1,4,4,39.81365437352266,1,0.9398881340676768,26.0,0.9138881340676768
12,15,1,5,1,74.75252293750204,3,0.9393659729592543,26.0,0.9133659729592543
118,15,1,5,1,41.786327721028215,2,0.939014819260422,26.0,0.9130148192604219
119,12,1,2,5,62.36650647362791,3,0.9326953479058199,26.0,0.9066953479058198
56,9,1,1,3,45.23368805393082,1,0.9256440281030445,26.0,0.8996440281030444
89,15,2,1,2,39.20165070414721,1,0.9231930050376157,26.0,0.8971930050376157
84,27,2,1,1,84.74295860655465,1,0.9196094864883231,26.019223662515376,0.8935902628258077
1,30,2,2,4,78.23313107567292,3,0.9118894787108811,26.40075756488817,0.885488721145993
32,6,2,2,3,57.546882536513735,2,0.9118539666839017,26.40075756488817,0.8854532091190136
114,13,2,5,3,88.73011377218943,2,0.9105438710275179,26.40075756488817,0.8841431134626297
13,26,2,2,5,26.938705176058892,2,0.910167638483965,26.40075756488817,0.8837668809190768
79,12,2,5,3,34.58361513076257,1,0.9083428252632557,26.40075756488817,0.8819420676983676
88,24,2,5,2,45.20364021394421,2,0.9071844294163387,26.40075756488817,0.8807836718514506
35,25,2,2,1,29.95589848209585,1,0.9056940337041731,26.40075756488817,0.879293276139285
34,10,2,2,3,33.69652717580418,3,0.9043866378408536,26.419689627245813,0.8779669482136078
94,17,2,3,3,75.80788591645285,3,0.9025812214960741,26.570660511172846,0.8760105609849013
8,5,2,5,3,72.50291427802404,3,0.9004566642216596,26.870057685088806,0.8735866065365708
48,18,2,4,3,23.71034986844891,1,0.8977162235871653,26.739483914241877,0.8709767396729234
112,23,2,5,5,41.608366968428626,1,0.8937239287068639,26.476404589747453,0.8672475241171165
113,5,2,4,2,23.629916818059158,1,0.8934459572635256,26.92582403567252,0.866520133227853
76,23,2,5,3,76.6234468186475,3,0.8933808578331699,26.870057685088806,0.8665108001480811
108,22,2,5,4,37.82525609051166,1,0.8920478939083146,26.570660511172846,0.8654772333971418
125,27,2,4,2,71.96436416382983,2,0.8897598038037076,26.92582403567252,0.862833979768035
91,23,2,5,1,69.18221854496088,3,0.8886407766990291,26.40075756488817,0.862240019134141
107,18,2,3,1,33.41480161409641,2,0.873923603444469,26.570660511172846,0.8473529429332961
115,11,3,1,5,43.47714519820752,3,0.8379496056934026,31.064449134018133,0.8068851565593844
22,6,3,2,5,48.63919983065059,2,0.8353330275450837,31.080540535840107,0.8042524870092436
80,12,3,2,4,41.94075878317569,1,0.8251264175953655,32.0624390837628,0.7930639785116027
64,12,3,2,4,56.38740359901895,2,0.8008493003504643,31.144823004794873,0.7697044773456694
75,9,1,5,5,67.04774473715963,1,0.7905575993652167,26.0,0.7645575993652167
87,5,3,5,4,61.172862280210545,2,0.7861858544412005,29.393876913398138,0.7567919775278024
83,8,3,5,3,94.03558303834399,3,0.7523987134787427,32.14031735997639,0.7202583961187663
10,8,3,5,3,85.82620552505637,1,0.7384354763791361,32.817678162843876,0.7056177982162922
11,11,1,4,2,96.74187317424337,3,0.7286538332550808,26.0,0.7026538332550808
30,19,3,2,4,46.11546697552504,3,0.6757399128515648,34.23448553724738,0.6415054273143174
127,20,1,3,2,75.95782664320043,3,0.6610571476048763,26.0,0.6350571476048763
105,25,1,3,4,65.99993294479859,2,0.6371992508284109,27.748873851023216,0.6094503769773877
24,9,1,3,3,75.09598207220154,3,0.6055924482739696,26.70205984563738,0.5788903884283323
134,8,3,3,3,88.22956358660242,2,0.6021811572250834,34.38022687534217,0.5678009303497412
123,9,4,5,5,68.18234087683291,3,0.5654640629407892,35.52463933666322,0.5299394236041259
19,23,3,1,3,59.61172739788212,2,0.6181159843485371,104.12492496996096,0.5139910593785761
27,13,3,5,5,41.244245500498316,2,0.6119702090748661,105.46563421323555,0.5065045748616306
104,19,3,2,4,57.61721250198492,3,0.6109328544935386,105.94810050208545,0.5049847539914532
111,7,1,3,5,81.45622868444163,1,0.5320750209055071,27.2213151776324,0.5048537057278747
50,22,3,3,3,25.475223048661782,1,0.538552033321675,43.278170016764804,0.4952738633049102
49,23,3,2,3,60.72948951799291,1,0.5962180200222469,106.87375730271674,0.48934426271953013
126,20,3,2,4,53.35532102866136,1,0.5974818315040225,108.2081327812286,0.48927369872279386
46,6,2,2,3,98.5849732448241,1,0.5089437978465177,27.586228448267445,0.4813575693982502
9,18,3,4,4,50.02879118256318,2,0.5898864432063811,108.66922287382016,0.48121722033256087
51,10,3,5,2,79.41028740392399,1,0.5804408568767464,107.59646834352883,0.4728443885332176
96,7,4,1,3,55.21885230981273,3,0.5726392626271999,100.0399920031984,0.4725992706240015
70,12,3,4,1,41.83965153330238,1,0.5131364495729839,45.044422518220834,0.46809202705476305
106,16,2,4,3,92.66464106427597,2,0.4941261696347721,27.748873851023216,0.4663772957837489
2,21,3,3,3,75.26173070785518,2,0.565241774675972,110.50339361304701,0.454738381062925
97,21,3,3,2,43.102676355927976,3,0.5638703229433444,111.50784725749125,0.45236247568585314
60,6,2,3,4,98.27607651727811,3,0.4789946059670091,28.231188426986208,0.4507634175400229
37,30,2,5,5,87.68040568575002,2,0.47439923697862146,28.460498941515414,0.44593873803710604
98,28,3,2,5,31.98714667155029,3,0.5570008129572884,111.43608033307704,0.44556473262421137
42,22,3,5,4,70.50555507646158,2,0.5559223972581203,111.65124271587845,0.44427115454224186
77,26,3,1,1,63.895577753955266,1,0.4957517304727225,51.62363799656123,0.44412809247616125
140,21,3,1,1,30.52596209984698,2,0.5532959768305735,109.57189420649804,0.4437240826240755
20,8,4,5,5,27.302431276199535,1,0.5497738272229779,106.76141625137801,0.4430124109715998
61,27,1,4,5,96.12277429978177,1,0.46982822215196546,28.460498941515414,0.44136772321045004
151,20,4,1,1,34.27456249157166,2,0.48537779542146353,50.0999001995014,0.43527789522196214
117,25,3,5,4,65.45351732992674,2,0.5456562391049412,110.58933040759402,0.4350669086973472
14,14,3,5,4,39.87784349282221,2,0.469758738220945,42.05948168962618,0.4276992565313188
132,15,4,1,3,67.80714470774237,2,0.4804664338889255,53.04714883949938,0.4274192850494261
59,27,1,1,2,82.2646915216998,1,0.4498516917198733,29.223278392404914,0.4206284133274684
54,23,3,3,3,20.88572355439334,2,0.5292378871610333,108.6416126537157,0.42059627450731757
135,23,3,2,3,48.94923724737723,2,0.5325753704649975,112.57886124845996,0.41999650921653753
39,23,3,3,4,65.4872136058862,2,0.53323565945791,113.81564040148436,0.4194200190564256
25,9,4,3,1,67.85641815707349,2,0.5307672502574665,111.65124271587845,0.41911600754158806
38,20,3,1,1,51.58710387895457,1,0.5230491306171167,110.65712810298305,0.4123920025141336
85,11,3,5,4,81.31683498541646,3,0.46335078534031415,55.036351623268054,0.4083144337170461
28,28,3,4,5,22.492389440347722,3,0.5162376558199774,113.57376457615553,0.40266389124382185
33,29,3,5,3,85.29992546658411,2,0.5161185704092884,113.7233485261492,0.40239522188313925
86,20,3,4,1,30.33415633199884,2,0.44896847552257096,49.58830507286975,0.3993801704497012
131,18,4,1,5,47.92806707370231,1,0.5121171430398364,114.80853626799707,0.39730860677183927
122,7,4,4,5,60.562474616751246,2,0.4494420020290835,53.009433122794285,0.39643256890628925
17,27,3,5,5,43.513390230041715,2,0.5001962323390895,112.57886124845996,0.38761737109062955
5,6,3,1,4,92.81970414300667,3,0.4162137484238445,29.223278392404914,0.3869904700314396
73,15,4,2,3,63.609544291207655,3,0.49985363473735567,113.65737987477979,0.38619625486257586
68,9,4,3,3,84.33707694083007,2,0.4215440674106126,38.06573262134856,0.3834783347892641
52,22,4,5,5,81.6694406292535,1,0.4332979051667981,55.018178813915675,0.37827972635288243
72,27,3,5,2,22.98493524548034,1,0.4921725345135082,115.6460116043783,0.37652652290912986
29,7,3,5,2,80.82073605064826,2,0.4792534577570405,102.80564186852781,0.37644781588851267
15,8,4,5,3,29.23790179121923,3,0.4160072192142163,48.176757881783615,0.3678304613324327
0,19,3,4,1,70.88179976093525,3,0.4780852555329305,112.57886124845996,0.36550639428447057
53,23,4,3,4,61.34183073485364,2,0.4206245260908527,58.0430874437258,0.3625814386471269
67,17,1,1,4,87.19041685966998,3,0.39419542196369506,32.55764119219941,0.36163778077149566
57,26,3,3,2,24.089004293233216,1,0.4709701167888097,111.73629669896886,0.35923382008984084
6,28,4,2,3,59.85505037706018,3,0.4157377049180328,62.0403094769844,0.3536973954410484
43,15,4,1,4,39.46219500800402,1,0.408190133037694,56.01785429664367,0.35217227874105034
62,26,4,2,4,84.99332702989976,2,0.41270060396893876,61.0163912403872,0.35168421272855155
136,6,4,4,1,22.797576874189815,3,0.4653715363119087,113.7233485261492,0.3516481877857595
44,17,3,3,5,86.11485578886311,1,0.37288331636902006,29.223278392404914,0.34366003797661515
156,22,4,4,1,36.476186619125485,2,0.4006180643348785,58.26662852782886,0.34235143580704963
128,19,4,3,3,91.43181394668439,2,0.374884076155147,38.13135192987524,0.3367527242252718
146,23,4,4,1,32.21143515798545,2,0.38839759462327555,54.01851534427802,0.3343790792789975
45,11,4,1,1,33.09593776571817,2,0.38698739006040056,59.04235767650204,0.3279450323838985
47,25,4,1,1,36.25406576550755,2,0.389695517338596,62.0403094769844,0.32765520786161156
66,22,3,1,4,84.21469148105872,2,0.3551881629109576,32.71085446759225,0.32247730844336536
144,20,4,1,1,31.825525175179852,2,0.3787776554565148,59.016946718718,0.31976070873779683
138,18,4,1,1,40.270780861075444,2,0.3806483649003334,62.00806399170998,0.3186403009086234
93,26,4,3,3,23.07236144169493,1,0.38077699472323545,63.071388124885914,0.31770560659834957
90,10,4,2,2,28.277995657091726,2,0.372114562553434,56.04462507680822,0.31606993747662576
109,18,4,4,2,97.86281498925909,3,0.37389506700883945,63.03967004989794,0.3108553969589415
149,20,4,1,1,31.60997927026949,2,0.371700331302768,64.00781202322104,0.30769251927954694
69,29,3,5,5,98.59388140091495,1,0.33898841398111185,31.32091952673165,0.3076674944543802
95,29,3,2,2,97.75455951824247,3,0.3394249971739704,31.78049716414141,0.307644500009829
137,24,4,1,1,35.36518093859068,2,0.36374704576380434,64.03905058634146,0.2997079951774629
124,9,4,2,1,37.563370176716106,1,0.36042961313265565,62.20128616033595,0.2982283269723197
18,13,4,3,1,62.451410358899004,3,0.3563699321887174,61.0163912403872,0.29535354094833016
142,21,4,1,1,29.951790180143554,2,0.3525842453136851,60.08327554319921,0.2925009697704859
92,24,4,3,1,51.779873975524296,3,0.3491787229413684,62.0403094769844,0.287138413464384
103,24,4,5,4,80.38849324595013,3,0.3496983490480835,65.06919393998976,0.2846291551080937
133,29,4,5,4,45.116584747989414,1,0.34353111957902377,64.03905058634146,0.2794920689926823
7,13,3,1,2,95.96519955304389,2,0.29799026624677927,29.427877939124322,0.26856238830765494
78,29,4,5,5,99.37475341872536,3,0.29966190314593466,31.78049716414141,0.2678814059817933
153,22,4,4,1,35.84924250245072,2,0.3292320123406912,62.23343153000644,0.2669985808106848
121,29,4,3,3,44.54634200621621,3,0.3283527429868893,66.10597552415364,0.2622467674627357
58,14,4,4,5,23.175463124852953,3,0.32394934850431273,64.9307323229917,0.25901861618132105
141,22,4,1,1,30.897416412380842,2,0.3226043774140151,65.0384501660364,0.25756592724797867
139,17,4,1,1,40.66394744392117,2,0.32121948525350713,64.42049363362563,0.2567989916198815
148,22,4,1,1,34.25509443791066,2,0.3166912850812408,64.19501538281614,0.25249626969842465
120,23,4,3,1,71.8544451581145,1,0.31797183931409145,67.05967491719595,0.2509121643968955
116,26,4,5,3,52.08780106968386,1,0.3171542553191489,66.60330322138685,0.25055095209776207
145,22,4,1,1,28.52920418465368,2,0.3124258600237248,67.03730304837748,0.2453885569753473
150,21,4,1,1,26.478145252312014,2,0.2935450052418751,58.93216439263028,0.23461284084924483
63,27,4,1,3,90.66335979286337,3,0.25588883606344814,31.38470965295043,0.22450412641049772
159,19,4,4,1,55.01129310173904,2,0.2893370456768756,67.34983296193094,0.22198721271494468
81,19,4,5,5,94.47087007990596,1,0.25456825510569686,33.49626844888845,0.2210719866568084
41,26,4,4,1,45.18552900342307,3,0.2725330077081584,67.06713054842886,0.20546587715972955
102,19,4,1,3,90.72240655587902,3,0.23620032179189945,32.71085446759225,0.2034894673243072
155,22,4,4,1,36.079852494916594,2,0.26966121050628095,66.9552089086428,0.20270600159763813
147,22,4,4,1,33.00568041622087,2,0.26946244757910787,67.80855403265875,0.20165389354644914
99,12,4,5,2,92.67895730937121,2,0.2646946710375848,68.03675477269621,0.1966579162648886
26,12,3,3,2,93.08300820283638,2,0.30011023928409314,106.78483038334612,0.193325408900747
154,22,4,4,1,36.001770407789536,1,0.2594337815576754,67.05967491719595,0.19237410664047944
65,18,4,4,2,55.45601618323484,1,0.2406581040704668,69.03622237637282,0.17162188169409398
152,22,4,4,1,37.021217371676414,2,0.23715507190050525,67.446274915669,0.16970879698483626
143,22,4,4,1,32.338031343066326,2,0.23703933827812512,67.86015030929418,0.16917918796883094
3,12,4,2,1,96.89329681342143,1,0.2369425008126187,69.0,0.1679425008126187
157,27,4,4,1,36.20581212254677,2,0.2346608417521551,68.54195795277518,0.16611888379937992
36,26,4,4,1,38.71790252930397,2,0.20210609974170474,68.1615727518079,0.13394452698989684
