trial,mu,lambda1,lambda2,tol,max_num_iter,dice_slice
376,0.022345451616021555,1.2943903615605667,1.731872283798261,0.0011655657241826877,98,0.40560792845056803
387,0.014663424214829617,1.2774231958739304,1.726628078536384,0.0011545383120493886,93,0.38636886944508403
391,0.007802592503210304,1.3023745462436649,1.6997071618132191,0.0011520320483652446,98,0.38556985294117646
389,0.00931884098345477,1.300190694496382,1.7357515425038608,0.0011128446877109474,93,0.3810172570390554
371,0.01835398492825771,1.2647180332179917,1.8533555571056686,0.0019242446544149264,92,0.38049886621315193
66,0.07656454828370862,1.2742479146500523,1.636610164072652,0.00019356408920382496,84,0.3770786516853933
394,0.0829706648866968,1.2730560541140443,1.7254382010857605,0.0011121516911944051,93,0.3764864258469823
378,0.006346723937649554,1.2753004654160751,1.8247572922043196,0.0011204202379925322,92,0.3651795429815016
382,0.01728874956186674,1.115979966614124,1.8280917464440134,0.0010799838295720884,94,0.363912383430926
110,0.11079063911236298,1.4434290557765415,1.7659160070009157,0.0005436116004960357,77,0.3607826273919587
361,0.02318315987232321,0.9766037125834391,1.6433108163741728,0.00112855586879029,92,0.3528174936921783
381,0.007667814771312745,1.1160921791250074,1.8305422791614638,0.0035120380988845515,92,0.34237910630483576
397,0.0014751468998228032,1.2706313764074968,1.865476468789163,0.0005998714095148443,93,0.3411956079707198
379,0.0878552771008987,1.124212079392009,1.8333402365594937,0.0008629090038920381,98,0.3399513776337115
377,0.005378464765999458,1.121904606477479,1.8084429444145744,0.001104939645577239,93,0.3374220792278303
369,0.00034565910314850873,1.272270517411372,1.7391840185019327,0.0019313132436027218,93,0.3373542420587053
370,0.009130407171456963,0.9984445479526162,1.8357149123177945,0.0006044518077398107,98,0.3339303482587065
368,0.0167151994834037,0.9025166271285427,1.7184170298172714,0.001925923521023877,93,0.32960125712040855
362,0.024047840834415656,0.8682580700691259,1.6931378556780767,0.0019585232727753633,91,0.3282472613458529
53,0.07830451411556738,1.2378993468093527,1.9109601678116057,0.00563276336252428,64,0.32754245559242634
383,0.08809954513091922,1.2753268572609713,1.7439115163396015,0.0008196575133448605,57,0.3231272867321394
70,0.030997097750674385,0.7815927175127714,1.5127670073502595,0.003769642772965129,92,0.3223823246878002
366,0.005308309027814581,0.9864923969809475,1.7046706693677516,0.001844587813783231,99,0.32170245398773006
392,0.0024501649776421247,1.1168286783572587,1.7413566520220398,0.00109509614528813,93,0.3201068294544067
385,0.003506989871115286,1.1273370161894891,1.9559334656839207,0.0011197098902082803,93,0.3193757137419109
384,0.002497133541431787,1.1190974547711765,1.8240056499551331,0.0011308096542686843,93,0.31792345585449033
103,0.13735188693200562,1.0406804201531936,1.1793692861880976,0.0003751420421120385,82,0.30766409974330766
232,0.06129253449346789,1.2256461574084625,1.9917501581311665,0.0007119146783433851,53,0.3054797014381941
367,0.004655626237866321,0.9762401656106259,1.6903119659595567,0.0011754588658406129,93,0.30349068547657804
372,0.004450011421547911,0.986770618437708,1.736388305722839,0.0019531251025389717,93,0.30190716084922636
261,0.04076880166318183,1.14810323543533,1.6236453861992453,0.0009504683978706357,53,0.2976232706633558
260,0.04127317011661326,1.161249149606273,1.6185223815312861,0.0008767962417422656,52,0.29392187773690664
94,0.07202522767787445,1.0673298568400156,1.6632095301262297,0.009035165186108366,53,0.291117279666898
238,0.04436718751432991,1.0446215144396291,1.3051007224041495,0.005966324856638314,55,0.28936023452319365
281,0.04022343080074605,1.1493039772164675,1.8170900520247513,0.0009158711711626503,52,0.287181242512408
316,0.03649149402153664,0.9852442517856713,1.9903093502676545,0.0010753425226357226,61,0.2848412833135291
395,0.12233977341019184,1.2778047994493436,1.7352563543015025,0.000833460481084592,50,0.2845997286295794
396,0.12389566666460314,1.1262056767234836,1.7297791044228092,0.0011368803079325556,57,0.28339807464955247
252,0.04776743545570787,1.011838984259235,1.3737606886678804,0.0009013267612504173,53,0.27962006332277956
288,0.05115995082372014,1.0268336076267417,1.997316889793852,0.000984105938316528,54,0.27418300653594774
365,0.0012550186076389705,0.9769608182328746,1.710867104224581,0.0019204685350345625,93,0.27378038831783325
344,0.024713722353096903,1.285611297587001,1.8254299311968967,0.001109871504891365,51,0.26947165569295006
237,0.16085274980849745,1.2265133640209482,1.8187460762096528,0.0008923204148632158,54,0.2665184243964422
300,0.04361121010847953,1.0131111174084355,1.8048335696526607,0.0010768355003386472,53,0.2662224337617008
398,0.008745043125901839,1.2733099534578582,1.7331604679911579,0.0011261298607824835,60,0.26400251730648205
290,0.04266209011977959,1.026190523716348,1.7203284163846653,0.0009899303529561554,52,0.2633396107972379
390,0.12403776264894639,1.120099061186411,1.7386045071207143,0.001125842310775053,50,0.2616560112271948
275,0.0406652007586835,1.0315762438793747,1.7969734170819494,0.0009396418560669641,52,0.25915057915057915
322,0.038422006921032786,0.8547232739416241,1.9861505602089784,0.0009959682501955848,62,0.25915057915057915
309,0.044481192713768256,1.0073281048366678,1.8033916893672601,0.00099355463451169,52,0.2588307882153324
205,0.2220916733787985,1.2141352056606538,1.5539048074032928,0.0007319255242821734,77,0.25811413628672514
363,0.004742906511587694,0.9810758719635251,1.869266422433557,0.0034206075582184363,80,0.25704656862745096
359,0.0008641957334796085,0.9691854458523186,1.8205024984216456,0.0018827546933413467,89,0.2557536960829142
312,0.0377517109839228,0.9780928617561152,1.7978019312334763,0.0010409607306452965,54,0.25412691200969256
328,0.03166689338229816,1.1410884282296647,1.993097667935583,0.0010539759566433014,51,0.25370426368309645
291,0.043217143895372165,1.0169299153971132,1.9971235881643064,0.001002127005361535,52,0.2530156815440289
272,0.037215967357500865,1.0234110613129601,1.7260527152981067,0.0009924206769406651,52,0.2519141270079568
307,0.04105127923793294,0.9852311105736942,1.6403849730589,0.001847743765282198,52,0.2518763134193936
274,0.04062913364305102,1.0265960506316898,1.9924866719986571,0.0009530411858307599,52,0.25138576779026217
276,0.03761988441703787,1.025667478199995,1.8055730629774898,0.0010440000227352557,52,0.2512352148525228
349,0.034699041818515394,0.8802206349206179,1.9983975238393312,0.0019079456174706817,60,0.2505599522174108
311,0.033777099485539974,1.0065446338856594,1.6373033784780495,0.001023766271545358,53,0.25044776119402984
277,0.0428054806285537,1.0157229720837349,1.8144404762971749,0.0009482418020774138,51,0.25026099925428785
373,0.0047347852217898,1.271822728479379,1.7448763076918878,0.0019716406149823604,61,0.24899836771034278
320,0.04109706140117307,1.0101431909772112,1.9892604774455198,0.0009305745917004119,52,0.24826157715638408
303,0.03563348370437757,1.010884139334002,1.6317717305654533,0.001012021990988262,52,0.24774841281559132
15,0.18238239729557115,1.1877533060475396,1.875261757600079,0.0005816953514717787,54,0.2476387249114522
329,0.03986234530190761,0.975018905745595,1.6328954317377031,0.0009707011512362961,52,0.24738316379183253
308,0.04105325852217229,1.0127706388677336,1.8078960329102072,0.0010002475121413524,51,0.24712812960235642
321,0.03860682615362968,1.0157542757013822,1.9924179211164046,0.0009737412755013811,52,0.24542928184876409
317,0.04082638917544845,0.9942826959712775,1.9957083481017088,0.0018221967197922563,52,0.24371822803195353
259,0.1075023353343412,1.15084089331815,1.267291248966883,0.0009639575123968204,53,0.24178674351585014
375,0.010313246199927482,1.101505469536846,1.8070096853062259,0.0011005185489691358,61,0.24154311213473442
353,0.034353341748480794,0.9720167040087919,1.7113330884109919,0.0011421318282510639,53,0.2412305922944221
306,0.04691039567302761,0.8698800872404138,1.6376155274597346,0.0010790775234323518,53,0.24057347670250895
326,0.037432591749294974,0.9680281876247374,1.7218367676102084,0.0010222032629608302,52,0.23926992727791244
289,0.03768698450280853,1.017917308287514,1.9854735013920022,0.0009599797682221001,51,0.23811551014616147
65,0.11182490928765343,0.6401816130083875,1.311904879310451,0.0008669861406413991,91,0.23774440351374326
271,0.02926635255667118,1.0151677371388637,1.803908757272545,0.0010289357075786688,53,0.23730731155423562
305,0.047603763802831836,0.8729604706826816,1.7919315650543668,0.0019191228486486955,53,0.23640462102000565
292,0.02743516935868546,1.136211555281526,1.50307475862593,0.0010811533984628873,51,0.2361384745285674
293,0.04569644680441212,0.8687051815704693,1.4988936638075465,0.00103499483138126,52,0.23590608744552227
47,0.06954171766702522,0.6211732505419556,1.9671545287711312,0.0002644757692639553,98,0.2334771114512314
262,0.10047831874702404,1.1546569259130237,1.6120581128762463,0.0009391725181307223,43,0.23331479421579532
301,0.03286781808122056,1.0177272817315246,1.7919158701067202,0.0019379323552775572,51,0.23292615213770126
357,0.037038835697917064,0.9703484757401581,1.7091048172817973,0.0010658220501019143,51,0.23189607517965727
285,0.03321863402478476,1.0125392514369231,1.8164626777653128,0.0009897095586747263,51,0.23116131698581072
318,0.02969282851301186,1.0015571012625366,1.9910433358910595,0.0009853387531944759,53,0.23071634813694486
342,0.03302422874000796,0.967445645582306,1.6426568967721438,0.0011200115037576647,52,0.22992600712523978
304,0.044722815734912234,0.861230440753972,1.8184338287728035,0.0009766310501733535,53,0.22964280826604624
330,0.03154010477980043,0.9787908664732567,1.629082676380542,0.0019581583633799544,52,0.22942302433688816
343,0.031831636636217936,0.9786442427661165,1.7321693599005434,0.0011187742603941647,52,0.22907849829351537
393,0.012524632313235608,1.2754997668450083,1.9311206422247835,0.0008239571101880048,51,0.22861035422343323
350,0.032926201526854756,0.9770825966606349,1.8179023155667595,0.0019515169126857435,52,0.22833038508640632
388,0.007176321213015403,1.1200035583425147,1.7357219495800902,0.0011525020200553375,60,0.2282061743506052
296,0.025757871491979112,1.0135805336173271,1.8153055497426258,0.0010520717502808066,53,0.2260541560016166
348,0.03393155305044143,0.9736613986739178,1.9993407599439164,0.0019504035658734547,52,0.22547702230583178
233,0.04988369194242305,0.7284847867437101,1.2545676111598403,0.0007344877295262548,54,0.22517444981213097
315,0.044624142336630826,0.8597991473831027,1.9454573344546364,0.0010065331183221043,53,0.22481243301178994
333,0.027651997052891182,0.9824376173136826,1.7897118933897704,0.0009874228139217067,53,0.22457173447537473
234,0.22963051827808664,1.2049449453255634,1.8851685464428618,0.0007348646739757091,53,0.2232867598137059
334,0.03154079068787968,0.9679856838909218,1.8285533289224185,0.0009808619843061264,52,0.22316797446468944
225,0.04521469710899269,0.722716074783928,1.2679864011392645,0.0006485869195719388,55,0.22293078251627474
356,0.03111814421435624,0.9849740300017653,1.726427984814792,0.001933942231612036,51,0.22210456651224356
386,0.004038333244592886,1.1192851391688121,1.8149645607797766,0.0011060807004003872,61,0.22166446499339498
294,0.0419106248132121,0.8635045168480762,1.9486470351455456,0.00712394099013176,53,0.22125527426160338
374,0.02019602306663796,1.1220905914724386,1.7241610317928024,0.003388768727783641,51,0.22122610415293342
310,0.039645712444403104,0.8636420481545768,1.6340133728215906,0.0010343774315109417,52,0.2201810785986091
336,0.031468033042957436,0.9737316628410384,1.9966355667000082,0.0009926512412826798,52,0.2200655737704918
358,0.03549984326820639,0.9783411412499832,1.8163884597652844,0.0011070514301624896,50,0.21971978525599056
351,0.02646822415173949,0.9763167822316442,1.7910740541849945,0.001966847723009515,53,0.21960476377437507
347,0.03752031463565772,0.8644981166973413,1.8123239358061507,0.0018559441408719992,53,0.21803534303534303
297,0.041318168011052536,0.8592436545392726,1.819904017879228,0.0010437938187909165,52,0.21713250517598343
298,0.03987321695914347,0.8668797192073462,1.7907818467798162,0.0011156953070322678,52,0.21699211172895383
313,0.03404486789905303,0.866415671401211,1.6452618171028552,0.0008184574761103734,53,0.21548735071272634
352,0.030453228210181527,0.9774678904013486,1.9833694850858319,0.001145640083696034,51,0.21318765087028332
399,0.00038308829566000013,1.1127947419295796,1.7237165079397614,0.0006003862239947369,60,0.2095666291994505
327,0.0336513543490391,0.8775071973545551,1.720737673027117,0.0010036366526596796,52,0.20757050964868876
325,0.033899423547326224,0.872666394263281,1.9940482828030455,0.0009701552724367615,53,0.20665024630541873
340,0.03356035459247679,0.8679960957110104,1.7935490988340357,0.00098164247409191,52,0.2038139195918863
339,0.03187357762075769,0.8690527919960294,1.6352202942551357,0.00098414481371455,52,0.20371494476144228
263,0.04384121692086575,1.1636368799411783,1.6169733315027366,0.0009357214024463976,42,0.20317229688824312
295,0.03271334667424109,0.8740955226365418,1.8196152227836462,0.0010331829465968475,52,0.20287752387861202
331,0.03385261969999193,0.8684509391909202,1.6349459910151105,0.0010279444891850877,51,0.2014163965910455
332,0.03199408971657682,0.862975490023946,1.9970563572567266,0.0009696737938712451,53,0.19836860148953778
269,0.036845132491569635,1.1423988916575734,1.8083405437407154,0.0007823170434192739,42,0.19699459967128433
195,0.05434122501496949,1.2229156069400722,1.5627749584518973,0.000634400263123319,40,0.19678667761229038
337,0.029739822196410658,0.8614516827445606,1.6372720388729936,0.0018517524314525969,52,0.19669440862735904
335,0.030546631650666192,0.8711328208917805,1.8246380673398925,0.0009927855073129433,52,0.19662526365127725
287,0.04710999157750269,1.025480714480309,1.994200691142451,0.0009935282151486765,43,0.19360793815622476
324,0.032454446429676986,0.8643986232763529,1.8260265722979696,0.0009834263799077484,51,0.19282923465869914
346,0.027926101207366383,0.8791142158328635,1.831379508652965,0.0010885931281824537,52,0.19276278001148764
338,0.030598399927811507,0.8722753217295516,1.9997632664619067,0.0009654202482997245,52,0.19168380169065571
345,0.019352266507773455,0.9819991131959758,1.710590810529398,0.0010804371261276089,50,0.19120328167730175
323,0.03513619200133013,0.9770345688067827,1.9991741219147157,0.0010101872814187753,46,0.18966881428732904
319,0.03723345954777069,0.8572717909730203,1.8186500319000587,0.001908177456146336,49,0.18951886153151118
355,0.03495582455052658,0.9779536380960818,1.8142846229141498,0.0006009594138682977,45,0.18782180434295948
354,0.019278306848987608,0.9717346336303793,1.870224367178032,0.001150632029792942,50,0.18775875573458656
302,0.04417123060799926,1.0155847344295328,1.8166332753429302,0.001930123842714878,42,0.1872558866197969
380,0.013743967673814361,1.1186034854154647,1.8290933691860016,0.0010928927130631461,45,0.18688049894197573
179,0.07773585672474116,0.9869953436891067,1.5576970600685938,0.0006429597688577068,40,0.1853119823302043
267,0.03957365280415588,1.0262223010936613,1.812184743887308,0.0009876306554227534,42,0.18472038749449582
283,0.037272884576325674,1.0183470477845462,1.9870209812337203,0.0009449137993176172,43,0.18472038749449582
153,0.1574004246645805,1.130379429171806,1.6407227211335271,0.0015326474815912888,41,0.18463908450704225
279,0.039448991965509564,1.0131075099309708,1.6378000203395626,0.000980605118969282,42,0.18453755636203673
284,0.038276642517890716,1.0267017702259722,1.8112509875201723,0.000990760230771592,42,0.18431458699472758
299,0.03829195784698264,1.015507458986148,1.638213691612238,0.0010560918967576851,42,0.184051771416036
314,0.027273259890780634,1.0155665393235176,1.9975018332488164,0.0010387834141988462,45,0.1836087099244994
227,0.2229882468832889,1.032378525060802,1.2793278282835416,0.0009588605578725252,55,0.18350831146106736
278,0.03806229004516486,1.0335337374156366,1.98704263895384,0.0009517114734346155,42,0.18278867102396515
282,0.03902875764142436,1.010755730298418,1.8151516242642656,0.001146195211157879,42,0.18260964196321688
360,0.006310319618045582,0.977648003307293,1.7190417810881307,0.00359472088672316,51,0.18245079917364357
364,0.0011200825391985787,0.9911005538942778,1.6432041706136966,0.0018413195573970676,51,0.18158207986148686
280,0.03598470509352282,1.0193060808050503,1.8245513026373867,0.0009442718280542288,42,0.18142501892096444
174,0.05306941413567905,0.9985599332747898,1.5734254457425854,0.0015719802135146707,40,0.18105308588692273
243,0.15805757876524,1.1725040057871847,1.2821867367506892,0.0009118450419798782,54,0.1796766249063069
341,0.031094779340541404,0.9692238629084181,1.9988234423996634,0.007284337385070418,45,0.17891033159185415
270,0.03814785037569192,1.034366912623187,1.270214597058011,0.0009532993084742439,42,0.17803713527851459
175,0.06663041490211605,0.9709639024682489,1.6009911106256736,0.0006947622718386938,39,0.17750978525335873
273,0.029601052979406017,1.0217447333090681,1.2707257526051332,0.001007034475548099,42,0.17745346869712353
266,0.04302251212430944,1.1629237203911913,1.2807992367572498,0.0009729656720261676,43,0.17631606598718083
84,0.02376890642059981,1.068734313518548,1.4993464093681197,0.0008753547464285757,28,0.17613099611630104
178,0.05468551299216129,0.9666253857417458,1.5535523327802607,0.0006949631722560453,39,0.17611251049538204
4,0.007113640956452616,0.7777060334020587,1.2734281216180872,0.0015783477522589046,51,0.17594631435461885
265,0.15397713083460934,1.0193031741902858,1.6116140455640686,0.0009812831330020524,42,0.17537625418060201
176,0.06625241700518893,0.9817907767614078,1.5651335939221165,0.0015151566537406104,38,0.17530296698704556
177,0.0622631280351058,0.9698302995953747,1.5707067513488717,0.001538184102096061,38,0.17457344985434872
173,0.07057322349322936,0.960641682259334,1.5651596208540117,0.0006800162180169598,38,0.17437389587446742
180,0.05339892189385581,0.9635399021197428,1.5546585706406226,0.005642640730715183,38,0.17383196933595774
182,0.047610068964084484,0.9640595132892174,1.5515763326531051,0.005685603128548498,38,0.17331129931832265
172,0.10798212673230854,0.9833018863992375,1.566889544926823,0.0003525665296634649,38,0.17274037471690343
78,0.23236439063835035,1.1194608677396307,1.4958947846847725,0.0009753653158343194,49,0.17258047927594364
135,0.026601824847078515,1.0627937860352457,1.8907065416072282,0.0002142732750855653,26,0.17157464212678936
286,0.04174471760259836,0.8663699533576422,1.808437086080149,0.000941336330716095,42,0.17132938533796202
268,0.04057216993498189,0.9506256406764542,1.6317102989850483,0.0009842394225608585,27,0.1712070196918682
264,0.03742566880512109,1.1472097541233022,1.9940401029911765,0.0009821573523596883,21,0.17101508357113737
120,0.187469138657409,1.6464861090630596,1.9828187383741045,0.007727078040719814,25,0.1705852417302799
44,0.10547925008514414,0.6175326065637241,1.211767602570372,0.0009650768571059406,52,0.16798478326158775
255,0.16261765213489981,1.160593826895079,1.627879870631352,0.006533083805786196,28,0.16763236763236763
245,0.1578631924166095,1.1745086288720474,1.8031472085638822,0.0009637051254277526,27,0.16651781284112335
155,0.2072924820486428,1.1460543809121773,1.5935399239228558,0.0005406899718816477,42,0.16641872458593673
171,0.10403336456662116,0.7576665964770425,1.118087853513415,0.0015380247931988168,39,0.16612216612216613
206,0.22555507709849662,1.2368608912633574,1.5416957030106504,0.0006531869770482351,41,0.16425215348472982
194,0.05818458114411125,0.699415684940079,1.5580011730063303,0.0007244156291588679,39,0.16405944466171293
197,0.06290934773639842,0.7002063184871574,1.5485221759947807,0.0007453278203894643,38,0.16364345621220988
202,0.23409569986162349,1.2031076177784588,1.5393769759889642,0.0006726764375233456,41,0.16326133489005643
196,0.23934156742498094,1.2306092031201623,1.5531053792397826,0.0006746321562100888,42,0.1632454518922074
193,0.23371867636375823,1.180218666259171,1.5781176609245975,0.0006443072690509419,38,0.16305509668642504
186,0.05679333821143847,0.6682614619069496,1.5573502791452973,0.005847795450620265,39,0.1629917435648373
181,0.0831356646479865,0.7140186786809064,1.5502627699014817,0.005856576742373419,38,0.16173493975903613
254,0.1502267801459239,1.1627548963393126,1.263460939761762,0.0009296587159614206,53,0.16171935235158058
154,0.18913871305883984,1.0489761084719171,1.6663640644499225,0.0013789542013339596,40,0.16136166939128763
215,0.22598127226953418,1.2130673162433632,1.5769434217453475,0.006295722363776388,41,0.16040531497944746
203,0.23026943623240637,1.0402882326517446,1.5114354038477533,0.000684587525945034,42,0.15812287975876366
212,0.23457693290554327,1.2014360065824403,1.5488620137287465,0.005992981371860157,41,0.15645687645687645
27,0.14466064222396136,1.0498158683851961,1.4579371613538328,0.0007400924636324716,25,0.1563548266865449
157,0.2608354338133987,1.1166791106414602,1.6003721984000843,0.0012371777462181382,40,0.15584656821770224
192,0.23184684632603947,1.0042468454146387,1.5643695697670168,0.0015355683813011182,39,0.15427047899236923
214,0.22090321957094933,1.2110193132480556,1.534826460565974,0.0060465694823763115,29,0.1518552036199095
199,0.2202494935043639,1.019073834379266,1.56741952523966,0.006177614008137333,38,0.15099433096373616
217,0.22288360332773122,1.2009750863537505,1.574917978866558,0.006104233847281016,28,0.15056078959174518
221,0.2141597661111757,1.0276742006143793,1.543443846247427,0.0006778818349896365,29,0.1480631783287744
211,0.2267418441768141,1.1976123300558517,1.5597088610265255,0.006264243564252315,28,0.14699956197985106
210,0.23742279681958356,1.2247112853014814,1.5547394440289592,0.00597859331145485,29,0.14671679636268253
165,0.2429843088772377,0.9414291274870459,1.5844789040094396,0.0016067262176897577,39,0.14593842407375196
218,0.2432488858375228,1.1925627172753674,1.567103027041872,0.0007984712810826431,29,0.14565972222222223
208,0.22337111749528457,1.215870470363553,1.543856522228174,0.006115490002235934,28,0.14559053748477996
213,0.22087144589404706,1.2155049229185675,1.5139782630215892,0.0002172751014359686,28,0.14176829268292682
158,0.09090031429795437,0.5507506891339529,1.6118335971883635,0.00044407256822156935,40,0.14168707253229756
162,0.25563615832371667,0.9461620794363134,1.6073072988646941,0.000564243993301731,37,0.14116261462101456
220,0.2271559533834275,1.0274900314968543,1.5680577287390718,0.0007996087248862247,28,0.14098470845236094
159,0.12256386055139079,0.6055989201622773,1.5468134183735744,0.00044382250884463187,39,0.14085452866616302
253,0.16103803764548913,1.0340152967611722,1.6148971081075034,0.000972152526418117,22,0.13951941465037
200,0.24954644691900052,1.182776969681142,1.5677475945677053,0.005920234709455089,28,0.13914918318268513
67,0.2103924519965068,0.9905008193286519,1.6212250618126156,0.008962223782739094,54,0.1384945526576428
251,0.1633797190626076,1.0245914024075258,1.2690159587458132,0.0009885426691074687,27,0.1353164659283809
209,0.2368596218302201,1.2366760791221891,1.5377794057551737,0.00022031949866233624,27,0.13311068702290077
167,0.24053718694150306,0.926699511572686,1.0847177481079315,0.0003658855952633957,40,0.13113472960300093
258,0.16003718202271383,0.6682190368567337,1.6162645978720043,0.0009127597954771116,52,0.13102209729054423
229,0.22716933454625685,0.7372709505972475,1.2658053150811337,0.0007318497557959654,54,0.12882917466410748
151,0.1549340347878512,0.5297597302712955,1.1217844046208996,0.001304602320945766,44,0.1277892011271038
170,0.2343540034202644,0.7280462289159987,1.126116291924502,0.00036570758146752604,39,0.12737209655381812
184,0.23401061926198824,0.7337632578230594,1.2809326381895754,0.0007049818676652483,39,0.1271501098734561
230,0.22847513019685592,0.7305684967569155,1.2958769968903423,0.0006932296055115247,55,0.12600435533528573
71,0.16645587089240854,0.6418977179356669,1.3681578876527762,0.007820903209616682,29,0.12542043501009045
189,0.2168158173120379,0.7206865394531663,1.566301649821637,0.0006875310297023139,39,0.12521453622863965
18,0.18478304172324844,0.8158664051980392,1.0714414268940282,0.0075633333160400945,31,0.12495334776442488
169,0.24827657136596942,0.7765014167011355,1.554107007211139,0.00037858452014126557,39,0.12485119047619048
190,0.23185146411105037,0.7395650815902204,1.5482176943652466,0.0006944320298519161,40,0.12381022651811407
152,0.18147512489323248,1.0554284895750876,1.1504083101591251,0.0014544017482598626,42,0.12304299889746417
188,0.2327128254188232,0.7268585971540248,1.5345747679829327,0.0007253313317739087,41,0.12224083922197129
191,0.23139502491640213,0.7306903337387192,1.5906805242563742,0.0006822892689518836,40,0.1220985228843775
166,0.2473428752151443,0.9504130075447084,1.0713555134533483,0.00028739487421973806,38,0.12166193698610202
88,0.3565768936149206,1.0528038680611507,1.4841992176911247,0.00464767061099209,87,0.12112899732909839
168,0.2577179066282683,0.7618289495002882,1.5683802672243932,0.00036078902553677054,36,0.12107655675012627
257,0.16473488615299098,0.6712486034233746,1.2647602070382344,0.0009381257720306754,21,0.12105453232213796
34,0.15099316189169776,0.5135582682728332,0.7404230056948655,0.0003250925639862351,29,0.12097123861829744
201,0.223963267141082,0.7064156041482329,1.5423239932761679,0.006105123719749901,39,0.12096309111880046
198,0.22615599899311484,0.7100466788890796,1.5512611762822774,0.0006974712013517017,16,0.12010331467929401
224,0.22143092856279936,0.705077288989333,1.2785429642966244,0.006397379157527033,21,0.11998279816513761
185,0.24568691054525157,0.7240491369567078,1.549841219461357,0.000684589230788332,37,0.11989996427295463
100,0.06751192863053113,0.890360303118918,0.963263744197028,0.005404341799922063,48,0.11988747024453582
39,0.5897408974360735,0.8072136943473058,1.4210745379501235,0.008232216591615429,26,0.11904078116025273
183,0.23000923369307263,0.6928937700488154,1.5484277823877817,0.0007558676928739618,41,0.11886378125664093
187,0.24859217130295125,0.7147424857466957,1.5801638738152106,0.0057665345742298115,38,0.11881328329674998
150,0.20555071039181932,0.5709658216634648,1.1349615019663926,0.0004001890869716908,32,0.11877964182062717
127,0.8972870346499698,0.5727417780480377,1.3686238823895627,0.004962096495306364,61,0.11846295378954072
80,0.5245080767556103,1.3009626449157268,1.9654812040701097,0.004769450327129182,64,0.11844427189948471
11,0.8512250970005014,0.6163253867791978,1.3210527261477287,0.00044963823872103044,27,0.11829552681789272
75,0.6732670783683434,1.3853174256737357,1.6999102988050927,0.0030258088827084867,44,0.1182803314682343
51,0.9973872241827884,1.404939752556377,1.903162664968768,0.003228004773911724,73,0.1181721572794899
12,0.8073308514054806,0.7989882762335767,1.4331793636149752,0.004431183118799024,81,0.11806192256153467
7,0.7426637741885854,1.2499953834123487,1.808929923019455,0.003957610480211862,92,0.11793715654501902
133,0.7730670607076028,1.1485932322710273,1.3568331788569072,0.002498111562480713,86,0.11759644342463789
223,0.23719519068503403,1.2039121927939176,1.5136100797616752,0.006249452337511542,21,0.11751808813856611
60,0.47545866245055635,0.8497055062615997,1.1776702207846619,0.002102296784525136,33,0.11726795096322241
149,0.193673315239892,0.5061144974325004,1.1294347888708571,0.0005732308278169156,35,0.11704799107142858
138,0.79644089497388,1.3297770690968251,1.5613734685774912,0.00017189498727050923,40,0.11698852504897846
17,0.8469815931937854,0.9297997090503103,1.9777972838088056,0.00017424620574665195,17,0.11647109952194698
79,0.9922931417093624,0.7849958341654962,1.8391743754726733,0.00431733657237547,100,0.11630653790036824
106,0.869400384872804,0.8980211215876148,1.914583950169942,0.004418075270544769,70,0.11626940133037694
137,0.8144413057141647,1.3313136461016215,1.683563668134909,0.00011268500403706977,39,0.11604426002766252
147,0.8544068871771568,0.5232262127008837,1.1760468145249126,0.0004399789534185047,33,0.11584185789328172
207,0.2535499651646514,1.0129734283955234,1.558152560431335,0.0007523715729061421,15,0.11574208539064769
98,0.23896248320053914,0.5837192159027536,1.473497707188156,0.0004543710040150648,31,0.11566829806300406
45,0.6875115198193307,0.9764127421536428,1.1501053966044494,0.00019666113283456116,46,0.11562047819196582
62,0.9249220994092064,1.1258343307965895,1.7538275958454066,0.007425077367860617,44,0.11550724637681159
146,0.8613904525344093,0.5216057851549754,1.2225542685445978,0.00040278696548553687,34,0.11538990510246183
38,0.9734291386868211,1.1855702580510714,1.7709217003248559,0.0066479532018922155,36,0.11521739130434783
101,0.7217142471168858,0.500832883002051,0.6332875799676416,0.0007254931840608524,57,0.11502476609796368
164,0.24315754243254128,0.6753007293322776,1.5448566894827145,0.0005720427643067833,43,0.11450798416814521
248,0.15680217343301925,1.2091889468256825,1.2977577489636953,0.0009458881949517917,52,0.11432854125502487
139,0.7785575799916808,0.5772187878391475,1.5190042403645547,0.00020796942203677295,35,0.11381672658210676
163,0.25044742441405227,0.5148138224894323,1.1195495043901569,0.00047298256779271724,39,0.11353948169700251
9,0.661316080102148,1.2895387456096392,1.8659198777990837,0.0002819411832649835,44,0.11350876006223365
145,0.43188589694549834,0.5376084129927174,1.568885909829307,0.0003920286169906319,33,0.1132024556432571
52,0.8991562948693294,1.4581354313863615,1.621616525536264,0.00018251663944938705,35,0.11317469529889727
144,0.4180083930664905,0.5307831796201641,1.5751514489588145,0.002210322797517993,33,0.11309563928017793
250,0.1611058112931006,1.0280443486641004,1.2588075714370859,0.0009315586764254683,21,0.11307008596823546
105,0.48368962926882286,0.9792285572215369,1.4072286229767919,0.0003703231571355511,47,0.11296620438939006
8,0.8060676563606982,0.809265302117534,1.947898078680148,0.002413989273668218,81,0.11272336423485153
37,0.9001299553054675,0.9106515924374153,1.6585048683192578,0.0014837615911921054,56,0.112428810720268
160,0.2527914917597795,0.5973882443089438,1.6056185055073842,0.0006574380725900483,38,0.1121882730494083
143,0.3781944297423018,0.5342739368943533,1.5824560496878992,0.00226776615828654,35,0.11211331596178259
91,0.6457375456058955,1.436330354410546,1.659374702828275,0.00038864331836852554,56,0.11197117309488856
6,0.9645664293170972,0.9843347809798602,1.9558053090848506,0.0016159277975760777,72,0.1119487624257789
141,0.7448688761239927,0.5616869111232751,1.5053271862794895,0.0017896296276600104,80,0.11140618775726994
32,0.5967475765071889,1.1841243813887323,1.3308528829065325,0.0021677173382284825,32,0.11134530125735882
219,0.218347972777003,1.1580145003762194,1.2724780632489103,0.0008816131599053907,29,0.11077909773340136
161,0.6983741802487973,0.5857700926161309,1.6185012612664886,0.0004737566803853806,39,0.11075176556002904
142,0.7973076454363116,0.5170280116272596,1.5111681369470775,0.0015255961382759683,84,0.10981675392670157
64,0.8883805846221691,0.6273070406910879,1.4056722587631552,0.0010033768545431399,85,0.10893274474162555
63,0.6032519572606159,0.6875114584567538,1.4186202195369506,0.0011173695197506848,94,0.10742637644046095
76,0.4597546356057517,0.7930474066732471,0.9331296690147606,0.004530491399979352,51,0.10650714911000875
97,0.5412946112114759,1.091102161480169,1.8525520739868249,0.000840708081712036,78,0.10643156158822784
104,0.6184473007408844,0.9660270534491926,1.0912844129697135,0.00010051932854572492,32,0.10593127599036989
216,0.22649445771101712,1.187430517790119,1.5448175682521597,0.0008763320928154567,15,0.10491707459633229
113,0.7613541939797508,1.5973197002652981,1.8836408209504754,0.0002747173614752898,73,0.10456783199351903
134,0.3755527539399519,0.5076249620255595,1.183273982478469,0.00010694258207418489,11,0.10256035113386978
204,0.22313112071334468,1.2188515804892153,1.5392643110976378,0.000648993136730927,15,0.10103228640456842
87,0.6046617987348067,1.0593904273964727,1.1560838608531272,0.00015129648985912091,33,0.10070994657103126
54,0.2521249918753413,0.6327305415654885,1.416696353666259,0.0009129376663511822,69,0.09960230308066718
82,0.3515069269361768,1.515056217869175,1.781406761640356,0.0012614708746186126,18,0.09838709677419355
77,0.563299294982123,0.8230630082065069,0.9061049638264974,0.00012598291213341498,33,0.09821166813251246
55,0.5511265074259761,0.7546472741088018,1.4573299939501567,0.00020074715906789252,57,0.09669797729499222
10,0.9458323205058066,0.6464817298876815,0.8203825937938876,0.004096969502931724,83,0.09615384615384616
48,0.45262673949517007,1.014787912612748,1.5897261092777106,0.00012861263524281062,83,0.09248236331569665
148,0.8289145168890585,0.7661246626972964,1.5809026971176978,0.0003495941048298216,73,0.09240596949171209
31,0.8405641383702925,1.2429067556151006,1.4516514915762497,0.00011332887786226557,83,0.0918546091526166
132,0.5451986192747547,0.7600300418706096,1.2141382659052233,0.00024294096609951956,96,0.0912303593758495
29,0.6000497567933697,1.294946947992251,1.4019905407561548,0.003121395043688947,29,0.09021327190309876
90,0.5440172866226358,0.6476508956438982,0.7844909682814007,0.0005594179813811995,25,0.0897039328325232
140,0.7681013473325933,0.5104997508261763,1.5273228933335088,0.0002939624348047242,71,0.08817656332107199
5,0.7149147897413868,0.8880558336518651,1.597910636686637,0.00018194715298573013,94,0.08779824194223525
20,0.9906922549110416,0.9261910389957124,1.7761298401615637,0.00015460678882373501,98,0.08773397469413365
123,0.46048834283396944,0.5219189852196393,1.604523195675781,0.0004980935933638725,78,0.08770646038051433
249,0.16204199649777815,1.1520434587294128,1.255731139763732,0.0008958188344344891,21,0.08673621460506706
85,0.6439070018241773,1.7803390291251147,1.913756648853365,0.0004983524076438748,10,0.08547528517110266
256,0.15930852306044874,1.1788174331600805,1.2739045443126433,0.006621413971879876,21,0.08511927300265051
69,0.9944927356361238,1.6884275581165251,1.8512817190904185,0.0008084518665214962,12,0.0831668516463189
74,0.485976847762427,1.6971805507607605,1.96044853043603,0.003920860037010321,13,0.08307464892830746
42,0.5563906989051105,0.9974950477470784,0.8199349825571182,0.007018178820500502,11,0.07614942528735633
24,0.6032264443353145,0.7309621164282726,0.7337433118205805,0.0008474091532219894,10,0.04444071775951702
126,0.33148735210946834,1.0736680996366268,0.9839710833622067,0.0028840601050041416,12,0.04371584699453552
108,0.9439956012598633,1.4249223074672797,1.4616865805232107,0.008810954426245726,20,0.03682432432432432
86,0.1850669834149229,0.8521774180641226,0.7139851387688188,0.009346238715442795,48,0.029674445404782483
36,0.7242105581734383,1.6479050016460506,1.4323213934300765,0.007637501281224044,52,0.02792676160532643
35,0.5481579845119705,1.8906673066124835,1.9840075313580958,0.00024701450802378877,23,0.013083146841108624
92,0.40066424290982483,1.9030582145758552,1.4734193444052701,0.00013210856267701094,19,0.007323943661971831
226,0.22286386820945864,1.2362120977795648,1.267649651971288,0.0007427930180792319,21,0.0031198544067943495
95,0.011204844504209,1.6628783836714416,1.349055508990973,0.0021471841931796688,18,0.002617344268016053
73,0.4141506593111731,0.8189108863289708,0.8323553188451793,0.003960588304571905,74,0.0014047410008779632
109,0.6291888834845573,0.9328095777232898,0.6908936195563099,0.00014701550315010327,37,0.0009572431397574984
1,0.8554315930544796,0.768684911079434,0.7508946140935084,0.0016930330832901018,45,0.0006939023332465955
0,0.18382005373827248,0.8966185381653804,0.6154112866693318,0.008969739584379079,48,0.0005590496156533892
118,0.5588912074171438,1.9598942496529577,1.909874361407226,0.006177523675286983,68,0.0003518648838845883
136,0.8458058295755386,1.0810649147997804,0.5201844202934598,0.0014530645498407326,96,0.00035014005602240897
56,0.8711703140256954,1.630803137705176,1.1360507489887701,0.000209698732795902,37,0.0003290556103981573
14,0.4890192461152272,0.7716589314100502,0.5915510981262312,0.0015645303897991762,54,0.00032637075718015666
102,0.28873828643117483,1.4728695229491569,0.5643789972893616,0.00949990532723923,58,0.0003239915762190183
26,0.3994748447064924,1.3219354117628532,0.958478460846673,0.0018566342158854857,32,0.0002782415136338342
81,0.18835922950996264,1.334689954598932,0.7668543219661146,0.00799901773784133,23,0.00026065424214779094
114,0.10731683084461519,1.1040219659927692,1.0191781798244022,0.00030927083309917314,24,0.00017798344753937884
19,0.033155583557893276,1.6145783351166985,1.2248890334252,0.00014117112727649224,19,0.00017739932588256165
222,0.04786787557020837,1.2253370420986043,1.2663461730709829,0.006198796965361244,28,0.00017155601303825698
99,0.8934105200594208,1.0777189991163403,1.012859179897386,0.0005293342641149502,39,0.0001687621297780778
235,0.22635285944133415,1.2137385628287671,1.2737967175560136,0.006221203793681796,54,0.00016600265604249667
122,0.4677362687780545,0.8022983255202978,0.7597031842425117,0.001135273691399811,39,0.00016142050040355126
246,0.16055381714976633,1.2003088581512882,1.2664263679827037,0.006293490506004649,53,0.00014637002341920375
83,0.9819955284475806,1.6291419996841479,1.719307744790153,0.0006303611550741375,67,0.00013842746400885935
125,0.7871140177876474,1.0892683090443724,0.7691893522444311,0.0005656688052891217,89,0.0
30,0.17448266231558707,1.098818613649318,1.0601926243513122,0.0017091790027350467,46,0.0
119,0.12960512460637885,1.5558610441585718,1.417553598347454,0.0006831791784884821,46,0.0
28,0.4472517300505916,0.9888410387729543,0.7070773619907373,0.0002663559691373764,49,0.0
2,0.49316645129532666,1.8936089351358905,1.062442985063129,0.0012226812966178817,58,0.0
25,0.6520948152704801,1.8936706452951504,1.7573618005443037,0.0003956345286961533,100,0.0
121,0.20058655753250376,1.9298088149276043,0.5541213659180644,0.0007628035671753418,73,0.0
23,0.2027487408130484,1.8131498308560763,1.5366837013148427,0.002119931059740929,52,0.0
22,0.5212331099807842,1.7884139873565514,1.5360132489866183,0.0004192902504156131,64,0.0
21,0.2975135049363369,0.9828181131487261,0.9102031000249433,0.00023343761410863978,63,0.0
129,0.6294245649317758,1.040997683552391,0.6094602297645209,0.00022851070906789044,55,0.0
3,0.020422346780226697,1.9865427585156812,1.7366600743496874,0.002035420125388641,34,0.0
128,0.4473833530147918,1.9371720402293915,1.2989772894675773,0.0023938916336772313,48,0.0
130,0.10220819616483323,1.5716361846839748,0.8549403594813803,0.0010276458116731035,68,0.0
247,0.15038468604124958,1.2117890024879787,1.2580153118843662,0.0009668758568831393,42,0.0
124,0.5002335991613726,1.9562156995555908,1.4547836815540074,0.0015032160508921955,58,0.0
16,0.057276796160654286,1.4999610286501734,1.2559082374810753,0.00013375612911713144,83,0.0
117,0.10364148980654819,1.8825362499369565,1.6577951839468488,0.008677495491491292,24,0.0
156,0.26243954517369983,1.0852717076419434,1.1262875179552316,0.0014371639604093705,40,0.0
13,0.16734308642152074,0.7542889839945464,0.5924470864192092,0.0009388071830611262,49,0.0
131,0.06575245056080936,1.9387773721327433,1.929475285721936,0.004026686565089135,45,0.0
240,0.040430113309282936,1.2307646046208178,1.2759646608047355,0.0009183980139563247,53,0.0
33,0.3602211599404772,1.7621074613911782,1.6561638693808667,0.0022818692509330185,91,0.0
116,0.07720960522431297,0.8567524074664723,0.8929498528178236,0.00013414353647464607,91,0.0
72,0.8168014469821749,1.9210061168438726,1.043213436526117,0.00041616524982067665,49,0.0
239,0.039302436046278706,1.2238988190704332,1.2826816657954336,0.0009326486012419838,53,0.0
68,0.882977775401617,1.5279954803957043,0.775811343212775,0.0013045842979344509,90,0.0
236,0.05557273788506456,1.2411811627220046,1.295695648985654,0.0009392735562186104,55,0.0
244,0.1631230839143348,1.224041080121171,1.2671240464829174,0.0009278171234048658,52,0.0
89,0.022874584455777947,1.6452655210365177,0.9633815756085321,0.0053988415037426385,32,0.0
61,0.07515857974459994,1.4091350380942402,1.206989068266694,0.004326369500367433,32,0.0
59,0.13275668005593966,1.3239754618991892,0.5257796172320346,0.0070434169513539655,87,0.0
58,0.19073519481130874,0.8254320694892125,0.5100535388905895,0.0017115416369306486,83,0.0
57,0.4536779109720227,1.508329706171987,1.2334146336012515,0.0015686716364448447,68,0.0
93,0.5386652822799145,1.4760721640100185,0.7642226867098765,0.0001666825513838058,55,0.0
96,0.008357991664322051,1.5573681727607516,1.0016159193444023,0.00012583123222475578,50,0.0
231,0.04600898534699384,1.236181929585515,1.2639091268539016,0.000710003739221604,54,0.0
50,0.14069358285839773,1.3325341314401313,1.305504910439312,0.0005361432488102256,43,0.0
49,0.709534052138953,1.7954624546562246,0.6241927337647688,0.001271940370130007,95,0.0
46,0.8607290960567682,1.441841126048132,1.103047448187856,0.00012948593597171627,77,0.0
43,0.5586627325707525,1.2395835545068181,0.7529419649263704,0.00036158873614210895,83,0.0
107,0.04910200958432587,1.7670337682891875,1.8979772888955937,0.003794727062064249,58,0.0
41,0.6030206841880645,1.791659765740472,0.5174770958142131,0.0010640740367757566,26,0.0
40,0.08653538527039095,1.2497272588632575,0.9025523728308675,0.00012072045382579049,53,0.0
228,0.23724651324542728,1.2395109525929087,1.3024117144697838,0.0007382066132384557,54,0.0
111,0.32764933176737177,1.779621851532582,1.6679478280551345,0.0022429098848391004,29,0.0
112,0.38858518150924615,1.9237496664854659,0.858524239221121,0.00019091716735608917,67,0.0
241,0.16430275926489848,1.2355149329134159,1.2711147718495812,0.0009183618244865096,53,0.0
115,0.5020689714569143,1.4695726336319461,1.4859141831887999,0.00040728100839312756,77,0.0
242,0.04492490597171431,1.234563158084397,1.260751613578001,0.0010181918244009567,52,0.0
