trial,sigma,low_threshold,high_threshold,dice_slice
192,2.1616902296536886,46.229519664805245,121.89579579390224,0.3647898493259318
349,2.3668617444529643,47.13707669940756,131.99067819077143,0.3634907926341073
354,2.389064087871659,47.05246313844151,104.26364360650584,0.3634907926341073
314,2.376831348476576,47.486724683094835,127.59738242170216,0.3634907926341073
380,2.3812490761857643,45.40352195598358,131.29007511232325,0.3632
315,2.383246840969619,45.444022165036095,126.3612156121039,0.3632
277,2.3762190492836686,42.094838048331,123.848781269789,0.36290967226219023
260,2.38878826572334,42.04927662930491,129.42944975655539,0.36290967226219023
252,2.3811533801328215,42.60845154541995,127.95967283637566,0.36290967226219023
326,2.3813610079856344,44.67997626995454,105.29952370232225,0.36290967226219023
289,2.376970208817408,14.485388877060267,127.53068959047975,0.36233040702314445
360,2.367592034984332,12.459259220696586,145.9963748320307,0.36233040702314445
271,2.383530941196493,15.040580111173867,105.16485400804089,0.36233040702314445
268,2.3879035753769795,13.920157725846313,127.05752133521861,0.36233040702314445
327,2.388238211850967,24.108344497236864,105.36585836592448,0.36233040702314445
329,2.377876975671953,23.19800690316678,127.59946991565177,0.36233040702314445
385,2.368110763336209,11.431798335401528,146.70366479379845,0.36233040702314445
287,2.3848028449879948,14.164008822606736,103.62930623152404,0.36233040702314445
313,2.372773107685406,13.037020924410564,128.11490422139144,0.36233040702314445
273,2.381999424849492,14.54072311385207,125.18334582881741,0.36233040702314445
369,2.380074709930109,12.249352791693113,131.32049405747418,0.36233040702314445
242,2.3884553441832113,15.484807135240903,127.33431832539527,0.36233040702314445
321,2.37138076551052,23.338959112943964,129.6680472632745,0.36233040702314445
303,2.3868808617233217,15.33579735081253,125.4617927686972,0.36233040702314445
295,2.378924691297657,13.623283568696475,125.47300752437097,0.36233040702314445
350,2.363957181829021,47.2976468810767,131.68640486245775,0.36217948717948717
320,2.3599972091493027,46.96184217433641,127.48106893209312,0.36217948717948717
347,2.399302321773175,40.52668651103827,109.91713298417648,0.36217948717948717
345,2.3608016248924053,46.80897794312132,106.63552808493505,0.36217948717948717
318,2.394621633407432,45.519616352546656,143.45203358627447,0.36188951160928745
299,2.391327254008656,42.19871102925609,125.46104727882302,0.3616
229,2.364323668466513,42.961207831795,125.30745947917437,0.3616
351,2.3565136209193156,49.52977818863182,131.4461827687938,0.3616
257,2.3927545287708236,42.10522711202013,124.6873712197372,0.3616
336,2.363960602955498,44.94248299403968,105.33494244715996,0.3616
323,2.394271944379178,45.04786291228189,143.44653992822106,0.3616
281,2.4066545449351366,14.33966185423926,127.26535202388196,0.3616
344,2.3565165235928425,46.6541525541418,131.0417965713829,0.3613109512390088
71,2.3928490519087044,39.05399127711657,110.4539332860319,0.3613109512390088
307,2.390827346424782,14.0677537423061,127.61263002706069,0.3610223642172524
301,2.3636588637796887,14.464643788092333,126.24036564963585,0.3610223642172524
319,2.3908076488565664,22.303361818792578,127.88966469777111,0.3610223642172524
348,2.338408577486799,47.3790096020563,131.65323063361407,0.3610223642172524
306,2.36294652614622,14.25143251208914,128.99004341050832,0.3610223642172524
312,2.359989910256653,23.881642043158035,130.06703958765783,0.3610223642172524
248,2.3901671107581026,15.58961693228928,106.87749969983955,0.3610223642172524
352,2.3612627743877717,24.245161326279188,144.57129179065117,0.3610223642172524
330,2.3925756060914947,23.51738807984698,130.99288830873544,0.3610223642172524
304,2.3971628937440173,14.881675148716937,127.28008842022169,0.3610223642172524
341,2.42611355920775,45.15970090888858,146.63365818799497,0.3608660785886127
338,2.3520217371825387,45.558351809932276,110.90761616845657,0.3607342378292099
265,2.3535242601590567,42.11513452740072,125.36415635199971,0.3607342378292099
331,2.336507622100069,48.253489054260534,127.67367448970434,0.3607342378292099
346,2.3387464732103225,46.86734488562352,106.77360246400947,0.3607342378292099
294,2.4090526460645294,14.80153892632211,126.77140389008366,0.3605769230769231
339,2.420316089349026,44.45282186883637,131.99205467831865,0.3605769230769231
334,2.3268757675303955,49.85729080761425,145.50817143515678,0.36044657097288674
340,2.35096973744083,45.22363147102915,141.5718267561248,0.36044657097288674
324,2.346107579953145,45.088149904322016,109.58862668892509,0.36044657097288674
200,2.3397129408285746,42.39040721518141,123.04026565815593,0.36044657097288674
384,2.3557250993150127,11.867223163755666,146.27187133716268,0.36044657097288674
388,2.3403043289543426,45.69770396035678,132.04745355161916,0.36044657097288674
55,2.12824316498311,37.965404843487555,112.60013250130305,0.36037441497659906
92,2.148509274229718,38.13600230793249,114.229170036752,0.36037441497659906
169,1.9248567166785873,18.04736735816277,119.12825895878333,0.36024844720496896
106,1.9257401837634034,17.503369459065944,149.99800071085753,0.36024844720496896
383,2.3536370492885115,11.150686738350384,131.25198760490912,0.3601593625498008
88,2.0827595526022633,38.79634840187763,113.80003937195485,0.36009353078721745
232,2.415289721481513,15.915500790773843,125.89501889476985,0.36
302,2.4192242749796837,13.80539768863025,126.15604289952675,0.36
279,2.4152247173382015,14.837795272577665,125.63745383962959,0.36
275,2.4268863255601034,14.064771480108941,127.10282063204075,0.36
159,1.988857018139062,18.75736905223518,116.75689804122402,0.3599689681923972
127,2.0010927271082544,17.792354878761408,115.46957384409782,0.3599689681923972
112,2.0103365337571883,25.539908317512946,114.85079130529104,0.3599689681923972
167,1.930814313002812,17.721341905085463,122.15699699839182,0.3599689681923972
120,2.0160769031665313,27.822838931730388,117.66699392566858,0.3599689681923972
93,2.0214647062039215,37.16206331761681,114.74141792589353,0.3599689681923972
155,1.9242286044519532,16.08168385793779,119.90836342626567,0.3599689681923972
136,2.000859382772711,16.272797639216044,118.44540645010039,0.3599689681923972
132,1.9316233081182603,27.923569890655948,118.59451008366042,0.3599689681923972
297,2.3483526797243064,14.18524222560641,125.32401387275107,0.35987261146496813
311,2.347726174195121,13.435864364698878,128.98645093017785,0.35987261146496813
391,2.345807304287159,11.85436170241519,131.51731796010893,0.35987261146496813
325,2.341699776126606,24.199813792147808,131.98736690383063,0.35987261146496813
316,2.346565709888,14.496748982343199,128.71777251827683,0.35987261146496813
353,2.4458839005686746,45.576668207160075,130.5301837250954,0.3598393574297189
54,2.1040477065187284,38.44077013621957,110.16622203723315,0.3598130841121495
171,1.9643031490756258,18.43395445393491,122.8545819861121,0.35968992248062015
173,1.9651177779187308,17.80107302729365,120.14093818201418,0.35968992248062015
102,1.9773036153507324,37.678133868231086,117.74462923908523,0.35968992248062015
119,1.97998418424064,38.28440559202443,115.78895617263693,0.35968992248062015
85,1.9678706670534645,35.66876179395793,115.78411088492443,0.35968992248062015
118,1.9653237675842468,27.132949892522362,115.98004179542222,0.35968992248062015
84,1.9505091176662035,38.76725418718786,117.66727970672153,0.35968992248062015
113,1.9654675986443226,17.769574530149296,117.30992413669635,0.35968992248062015
150,1.9703215890068648,18.342240511905995,118.65315175695793,0.35968992248062015
133,1.9814040758916096,17.879566816913847,117.54288955159399,0.35968992248062015
130,1.964616038692582,27.33251541454465,116.30514131990408,0.35968992248062015
308,2.336156233969133,14.611624172571483,127.87748945120485,0.35958631662688945
309,2.4304113279899004,42.440860079197684,127.8645732318136,0.3595505617977528
274,2.4370336533264014,41.91698533882606,128.38070026374993,0.3595505617977528
387,2.332664364360508,11.487474596549458,132.18488222138043,0.35930047694753575
225,2.4389029114195195,15.227916091547872,124.7810430630946,0.358974358974359
90,2.0286111060340777,37.632925946064915,112.77744040648015,0.358974358974359
317,2.4395892071925975,13.027269454442889,129.30088039902583,0.358974358974359
143,2.024311211542562,19.824819375435723,120.66226009007919,0.358695652173913
117,2.0261087803928888,26.53847376143704,115.09365841997648,0.358695652173913
79,2.025224355642221,36.69195833775446,114.9668671530361,0.358695652173913
83,2.0483580089377886,37.75989086275867,115.45103578405909,0.358695652173913
180,2.13015724661038,18.296487507454934,122.77859760569324,0.358695652173913
101,2.0466572646948746,17.632996021196085,113.90776427819377,0.358695652173913
87,2.0638005134074424,35.18205387641338,118.9575640228544,0.3584173778122576
126,1.960093635264591,26.63726889091093,116.54787922101114,0.3584173778122576
179,2.1157105107550778,17.576284628460805,137.80665866023543,0.3584173778122576
163,2.0660616887970207,16.127437424414964,115.99119020381934,0.3584173778122576
154,2.0742252785507582,18.145941454085253,119.22448417620232,0.3584173778122576
110,1.954945808860693,25.997649757997852,116.89556791075641,0.3584173778122576
140,2.0688261240258856,18.623730642779066,121.13958090060004,0.3584173778122576
104,2.0797783608503466,27.711015787734844,115.807744384767,0.3584173778122576
116,1.9588530727607167,37.92899582194622,116.92226258047177,0.3584173778122576
108,2.087533045412613,38.21221433638721,117.05871729205248,0.3584173778122576
68,2.1354854831960988,37.510007450901284,110.85596021735248,0.3584173778122576
67,1.9607150602151482,36.30353339019882,115.9677213946018,0.3584173778122576
160,1.9103517622502546,18.174758586770423,119.72161664483087,0.3581395348837209
156,1.9119540033529483,18.727301288934846,120.61740089346578,0.3581395348837209
161,1.91174470614838,18.073611289644873,139.2116270785755,0.3581395348837209
142,1.9098542172558661,17.98149675459247,119.8247056638296,0.3581395348837209
187,1.6555292783918967,18.81951871885233,136.91405641554454,0.3581395348837209
371,2.5224461494311146,45.349357109726014,147.7750494111056,0.3579454253611557
332,2.4676252603396804,40.2286159125849,127.73606394783941,0.3579454253611557
363,2.5303965359156306,45.467268181378934,145.64792556644215,0.3579454253611557
364,2.5237603579085106,45.26502360672895,130.81809316394902,0.3579454253611557
162,1.9015192543891068,18.48274290695655,122.21430893440906,0.3578621223857475
153,1.9048787632535316,18.073028758753278,120.3806832394279,0.3578621223857475
8,2.0442589323878386,17.353084457366336,117.49863312585155,0.35742035742035744
103,2.0442083051420155,38.545187421361874,116.90149528941626,0.35742035742035744
296,2.499870650535984,14.232942316087346,127.13692338823309,0.35708566853482787
372,2.5162904923417604,11.357089421827705,106.7981579013713,0.35708566853482787
137,1.8905872407628805,18.22550263065293,123.20123520648916,0.35686578743211794
168,1.8861345712107365,18.512113261037538,121.1789872723438,0.35686578743211794
170,1.8870314978318734,17.923310345865023,120.95286194973167,0.35686578743211794
175,1.881296053893681,18.132594263573374,121.37111524594631,0.35686578743211794
184,1.7000791607844756,17.87343189434797,138.59081327298938,0.35686578743211794
125,1.8848365562349372,27.680417692042674,149.6898095107206,0.35686578743211794
182,2.1708416051800232,18.942943483325838,121.82137876069106,0.35686578743211794
181,2.169775327484347,15.592398252403846,123.8598131373548,0.35686578743211794
147,1.8870136392373857,18.387123484974925,121.29029221779194,0.35686578743211794
240,1.692215441062631,15.508469394875645,134.42841630816375,0.35658914728682173
18,1.7030818066654483,20.736381202369376,137.92009654447264,0.35658914728682173
373,2.5516957926767354,46.06873994720587,107.46728141274711,0.3563402889245586
381,2.547010247348724,44.37145310563918,105.92090598845189,0.35605453087409783
370,2.5479392763335103,45.79817516277664,108.43589264446268,0.35605453087409783
366,2.5704269215761038,46.45533338079861,130.3011723188225,0.35605453087409783
396,2.544830482734484,45.67247359446477,131.55155623377456,0.35605453087409783
378,2.552072967694009,45.001713173082585,131.23978797382026,0.35605453087409783
375,2.5393743855766577,45.73718769915161,104.24410727371286,0.3557692307692308
374,2.539847257173413,44.94814170149761,146.3855098478073,0.3557692307692308
367,2.537814659644237,44.69635690192146,105.13747833242287,0.3557692307692308
361,2.5589242228892006,46.763176690713564,131.41143495640273,0.3557692307692308
365,2.5418507163962105,45.850530274868376,145.32973210707317,0.3557692307692308
377,2.546719115359376,11.365721634016822,131.67193884818883,0.355484387510008
27,2.5462860015795625,8.790601516580953,137.99086901993624,0.355484387510008
359,2.559590420759277,45.23586456409288,105.33365738406066,0.355484387510008
368,2.5498883918171633,10.249932565730683,132.51344476458848,0.355484387510008
398,2.551165343876937,11.510385978562297,132.0487591506184,0.355484387510008
178,1.7476875124324605,17.870314156525524,136.72377887135724,0.35531419705197825
362,2.5596106596192594,40.28464041253136,105.550000991955,0.3552
379,2.538795552121432,10.88901486978055,146.5280318307638,0.3552
35,2.5378403603253834,17.753352184093174,101.33704185586127,0.3552
382,2.558218911220882,10.630789520713236,131.57007393101563,0.354916067146283
390,2.6191599600431426,44.2978652641801,131.04338005426774,0.35313001605136435
28,2.2445958117902487,23.431817846221303,107.70333622444501,0.35303265940902023
46,2.6290785894843514,31.761935424008666,108.78268869819958,0.3528468323977546
51,2.630050251458912,31.240582326568994,111.04299847392247,0.3528468323977546
376,2.5776190544143334,11.677869440606225,103.67157243637406,0.3525641025641026
45,2.714233175664126,33.036614538078844,108.97003604434074,0.3525641025641026
48,2.7134717891252143,31.297640432112406,107.73600613889053,0.3525641025641026
392,2.585929060467931,11.450001977689777,131.30112376871705,0.3522818254603683
47,2.7073897850328454,30.905673634292036,107.54023951089975,0.3522818254603683
389,2.616111197021945,45.3896087837629,105.98991490840484,0.35180722891566263
399,2.5875815596417047,45.08678683226876,131.99031507591238,0.35152487961476725
395,2.591168288315288,11.622883562106036,131.99494051653392,0.3506805444355484
386,2.60316975313841,45.414853552029896,131.9009209380484,0.3504823151125402
397,2.600960428786468,11.466979221079825,132.69025818989783,0.3496391339214114
394,2.5999196440059444,11.598295432333046,145.9957071954981,0.3496391339214114
393,2.598996441320814,11.821060434274603,132.6763312879288,0.3496391339214114
49,2.7237406521828134,30.76370523041782,103.6597227264079,0.3496391339214114
44,2.7702225319650977,33.283839983556874,102.61479517629475,0.34935897435897434
50,2.760901303890045,30.96589396925877,110.05869283377179,0.34935897435897434
19,2.7840333322848316,31.58763913189006,94.49833533282707,0.3480352846832398
10,2.8035608792983524,22.83650392660726,129.94197637938467,0.3474779823859087
233,1.6976198206534947,43.047345645925944,127.12268102324646,0.3420074349442379
231,1.5997637561006295,42.04267204465356,128.3193693301508,0.3385070214338507
251,1.6009743355082953,41.91710078741679,126.85132140311529,0.3385070214338507
89,2.045349259610142,39.570584478129945,110.5081795598032,0.33821376281112736
52,1.9811408617402786,40.00623993730204,112.67643036029034,0.33819241982507287
86,2.008972201069249,37.932946063940186,106.75809917315506,0.3367198838896952
70,1.9254971949619009,38.0076349506735,114.56070698562334,0.3364757070340827
74,1.924927500168997,38.521943800671856,114.3736507930692,0.3364757070340827
80,1.9997332922058932,37.7652979368123,110.3235060613411,0.3364757070340827
212,1.6805654950550641,42.810667897048965,125.14003173874431,0.33624454148471616
76,1.9719713264922685,37.476780736767736,113.49203449765857,0.336231884057971
73,1.9910106403911092,36.87383088389538,110.72812244498598,0.336231884057971
111,1.946227568878025,37.94862370783822,115.1757841780527,0.33598841419261405
57,1.9314119265709122,36.42420805866542,115.3631982357452,0.33598841419261405
72,1.9136473763023338,40.16111445053145,109.4370550899149,0.33575581395348836
82,1.9933420446440755,35.36258584051977,113.31011290009221,0.3357452966714906
244,1.6546654299369568,42.218150910846774,124.21905078562293,0.3350253807106599
236,1.6456406554067184,42.18532095968809,124.91617648688266,0.3350253807106599
263,1.6336666698034064,41.566813567423274,124.60803624296189,0.3350253807106599
262,1.6469386804703254,42.46177357458254,125.4786191224706,0.3350253807106599
203,1.6723480097736334,42.53546630522919,122.10156181667979,0.3350253807106599
199,1.645223875043139,41.46815824182922,124.69393180534787,0.3350253807106599
250,1.65329779603366,41.731161575045604,124.01492382656595,0.3350253807106599
215,1.691567187590958,42.44416583259817,122.32471536507421,0.33478893740902477
211,1.681841566210967,41.96741431600179,122.96243761612979,0.3347826086956522
65,1.9607231267013103,37.540370814364586,113.95918106416123,0.3347826086956522
228,1.6832364658512207,42.21501203483291,128.20835854296254,0.3347826086956522
195,1.6601534879366509,42.364917598979034,124.33372842238754,0.3347826086956522
107,1.9580980755033885,38.54292999360864,112.71482331652415,0.3347826086956522
256,1.6667764666726872,42.306491238325656,126.4237764836844,0.3347826086956522
77,1.9122035537572284,38.68380886711931,113.51143775215316,0.3342981186685962
63,1.9075212035798392,37.17384746648462,112.7281813440556,0.3342981186685962
259,1.6282160100236613,42.25788014413352,126.2741744091564,0.33381712626995647
62,1.9115815232449307,36.33280790951956,111.67444602611495,0.3338150289017341
249,1.6142978160494101,42.96296120761174,126.04768557462046,0.3321247280638144
64,1.8160903044032644,37.62783280790783,114.37786156737234,0.33116413593637023
56,1.7920145079168732,37.6751430218883,117.55880983982854,0.3309248554913295
139,1.7974787165303634,17.58240649511438,117.97847632535007,0.3290229885057471
176,1.741605077365428,17.574156693323122,120.60380000660095,0.3290229885057471
172,1.7896363676053697,17.60012016933038,118.20606255428024,0.3287867910983489
37,2.4318566814155114,48.05276526373536,85.35800805633818,0.3284457478005865
337,2.3505959297401273,46.10715501944542,91.48360608800374,0.3282498184458969
322,2.3484904932212425,39.76101017837077,90.99008181668498,0.3272990586531499
91,1.9841275618212202,28.880132755633248,108.27059143795736,0.32722143864598024
198,1.5933744214513743,42.40665961788618,121.30578243963878,0.3271428571428571
81,1.9679329060846753,28.409050621673927,110.67089184532452,0.3269908386187456
218,1.5960725833375071,41.62388348465873,124.00009689998838,0.3269093504639543
328,2.334799812785036,40.2462871780005,86.95100288219186,0.3265895953757225
205,1.6430429810136835,42.894699666127956,122.86075998830809,0.324438202247191
206,1.6424277468832285,42.780623766188626,121.57370444657401,0.324438202247191
209,1.6402536504716267,42.45491334766576,121.08304270526432,0.324438202247191
204,1.6638642304504034,42.49060898677612,121.38436313863252,0.32421052631578945
202,1.6345629914682367,42.64997161523683,121.39036611739084,0.32421052631578945
201,1.6479077584582666,42.57442700035453,122.37377011181145,0.32421052631578945
59,1.9019169204310595,39.00080307683329,112.21481159995697,0.32421052631578945
196,1.6479721794461368,42.85680130710141,122.93985681074533,0.32421052631578945
210,1.6593676277423914,42.84611573117873,121.43454879658913,0.32421052631578945
216,1.6530881760219418,42.8948502750833,121.7765514553987,0.32421052631578945
224,1.6485016536133703,42.416750623744456,122.23777174891974,0.32421052631578945
207,1.6360853197522638,42.02755349787072,123.01018432085995,0.32398316970546986
208,1.6600815244745974,41.88630254987911,121.63834817571787,0.32398316970546986
197,1.6599507222159462,42.596691582686546,121.32358798913404,0.32398316970546986
214,1.661201317624407,42.92607151866429,121.49801656904972,0.32398316970546986
105,1.9466951714164704,28.1619973798311,113.9163640947303,0.32357043235704325
122,1.9425432300491197,26.89921582301495,115.20031644709918,0.32357043235704325
124,2.013244951635386,26.965544123158736,112.49287068686115,0.3233449477351916
75,1.8787335461078236,39.532478792632574,114.69531880537892,0.32326071679550245
123,1.882055699461104,37.835210040644796,115.61180699705416,0.32303370786516855
66,1.8834338311481817,35.51948896260139,110.824657962897,0.32280701754385965
114,1.876120543431341,37.73632643048077,114.58443227949896,0.32280701754385965
78,1.8911774343639518,35.88198873284338,114.99323183033958,0.32280701754385965
69,1.8723222842534368,40.808758018815524,108.2711102482751,0.3227625088090204
99,1.9639404670552878,18.152468489477364,115.29237245394928,0.3224461431549687
194,1.6236166370104717,42.95346986993255,122.96654589711541,0.3214035087719298
95,1.9639007538850493,7.506825201780661,113.55043625021199,0.32127955493741306
221,1.612392340912625,42.19217823149333,121.94019327845673,0.3211781206171108
193,1.6084118637863516,42.35695851100497,121.71722643685123,0.3209530483531885
60,1.8311052565671073,38.651621753566616,112.38365757081428,0.32072829131652664
121,1.9245996402295003,26.611416573245783,114.1429692308962,0.31977946243969674
96,1.9423049998790765,8.311859325805164,116.77479786820273,0.3193392980041294
138,1.909333012478648,18.23258705795368,118.78504103505192,0.31195138419986496
145,1.9107990997576805,17.89878868244544,118.63351939589306,0.3117408906882591
135,1.9050045737816566,18.36737522739507,115.20709483749044,0.3117408906882591
128,1.9248727090705822,18.527595697457095,114.5582567538174,0.31120053655264923
134,1.923400047995009,18.735446601603105,117.31145918674589,0.3109919571045576
40,2.8664408154935344,40.83412595767572,80.3051387303853,0.30714791224345367
31,2.81338209962397,41.271629954602524,52.29896879048142,0.3069306930693069
100,1.900813460817288,26.46992397823375,114.38855298688239,0.3061630218687873
131,1.8835927840263844,26.88978817259603,118.36711933360874,0.3050397877984085
23,3.1789888226016787,34.7266412078626,100.52323337109016,0.3048694424841214
98,1.938490832434295,17.692964787243064,115.8043723833828,0.3036649214659686
94,1.933449542378101,6.841734343514048,114.59120920584878,0.30346631785480704
164,1.9013535102637524,17.904496046513145,118.52544279957125,0.30295081967213117
151,1.8901249429830762,17.36097849152804,120.03153974243874,0.3020354563361786
166,1.8932070668560685,17.975135546524314,117.77364327062821,0.3020354563361786
157,1.880732178360462,18.163510408624532,120.14403842794013,0.30183727034120733
9,3.452190568288078,15.497116048200715,85.58828902529191,0.297661233167966
146,1.8754459970213273,17.59767324551359,119.50653890875124,0.297349709114415
115,1.866414873602095,25.62216132342121,114.22285535114463,0.29644012944983816
144,1.8529449588344211,18.124942821525146,121.65998823055779,0.2937780628608082
129,1.8420067776490914,18.86734860326227,118.09224894787047,0.2937780628608082
158,1.8524142060493682,18.474855007958514,119.75592634729188,0.2937780628608082
177,1.8248977176608214,17.80688666161072,120.4192381212234,0.2937780628608082
0,1.8337292639870413,20.74202477772297,94.10298893138939,0.2935897435897436
165,1.8659367146275758,18.223248782537446,116.62289405510556,0.2935897435897436
141,1.8563725112316467,19.574795211558378,120.55501862393832,0.2935897435897436
174,1.8710695456046817,18.14913782698236,120.4541719484912,0.2935897435897436
152,1.8664563243242327,18.10652849226074,118.23837672076922,0.2935897435897436
149,1.859121196403902,18.52827393433698,119.02165574241582,0.293401665598975
148,1.867386246543024,17.48547898124264,120.8256087141973,0.293401665598975
24,1.5033845014367146,44.30434297579984,104.23088990285993,0.29314720812182743
300,1.5885112954031766,13.602978614193784,130.08643281230752,0.2855361596009975
278,1.5874229216296487,15.528525519814725,126.81832767072021,0.2855361596009975
243,1.592001456484026,15.697556683088152,126.23261260167075,0.2855361596009975
266,1.5996205751809294,14.969388362403631,129.29429413363408,0.2855361596009975
284,1.5788977882370576,16.04884259302605,126.62578727999349,0.2855361596009975
269,1.599300018180063,13.882240824449553,127.03128755928638,0.2855361596009975
298,1.5875536962854757,13.699082649498344,128.075157604062,0.2855361596009975
286,1.5869825563702873,13.917394087998174,125.86435334516656,0.2855361596009975
270,1.5746693298826404,14.927180301118682,125.70105638543423,0.2853582554517134
217,1.553452472964556,16.02586863304414,122.2222091359576,0.2851805728518057
293,1.5268757632966836,13.908501351751653,128.18388251644882,0.2841191066997519
267,1.640678850516605,21.236265667599046,126.88115849311946,0.28343558282208586
191,1.6424349934491587,29.03443950891701,122.61072285042285,0.28343558282208586
254,1.64332364072423,15.19193179832968,124.20126157918214,0.28343558282208586
292,1.6373828886741182,15.05196521924992,127.13607458805613,0.2832618025751073
241,1.6451539362736316,23.599387693359226,127.2164372866326,0.2832618025751073
285,1.6512936840047605,14.212585776918079,125.43538371098605,0.2832618025751073
227,1.6444181831950229,16.162860207977307,126.28403411962833,0.2832618025751073
183,1.6455103423424235,17.464319906908425,123.69130541381574,0.2832618025751073
258,1.649365762867966,14.903706238079616,127.16653132541292,0.2832618025751073
222,1.6474601076160191,13.735231228654449,125.3753856968161,0.2832618025751073
237,1.670490400264965,15.962781267238231,126.61573979870829,0.28308823529411764
238,1.6631244952392201,15.916442752375067,126.21422004599903,0.28308823529411764
223,1.6679367097702547,15.27340329816981,122.17121642808549,0.28308823529411764
247,1.6836661270076314,13.572664172467299,126.39384975724485,0.28308823529411764
213,1.6575058921530974,14.813948577971047,123.49120108147048,0.28308823529411764
186,1.6766122288250782,7.974301597388814,122.71122475700177,0.28308823529411764
188,1.6804390788506622,7.013713440435698,123.15355851385951,0.28308823529411764
261,1.6666245358168217,14.841660251626504,126.22758530709869,0.28308823529411764
230,1.6675619881928565,15.586656147852583,127.69219092710685,0.28308823529411764
219,1.6682910047703747,15.268145175101418,123.22168983714921,0.28308823529411764
253,1.6812371116474345,14.32744768030869,125.71167078951773,0.28308823529411764
255,1.6306222676946176,14.30741092135943,128.6959390734361,0.2822085889570552
226,1.6274995729967066,15.182236167110556,124.52610010843696,0.2822085889570552
189,1.6331250165703375,6.500786928426992,122.5652003174641,0.2822085889570552
185,1.6246164965521666,5.948762151211678,138.47073421930483,0.28115408225905464
220,1.6242624984989265,14.786232848902841,123.12458970913923,0.2809815950920245
239,1.6226505052217106,14.816429055696569,127.27492767679004,0.2809815950920245
190,1.6134506591261077,20.731810435657874,125.1755391063715,0.28080931943592885
291,1.6190375274914224,14.267792688609038,126.6653529726168,0.28080931943592885
290,1.6152236233089172,15.731196410943593,129.20074003455872,0.28080931943592885
246,1.6145107069749904,14.600224930370612,133.73319148018513,0.28080931943592885
280,1.618898701381976,13.8333647455009,125.01227957056062,0.28080931943592885
272,1.6132176345852163,13.384574148923956,128.35822716091417,0.28080931943592885
235,1.6142951937959724,13.729841030918907,126.7167851239792,0.28080931943592885
305,1.6186120780373967,15.572552182109654,126.29998406242355,0.28080931943592885
282,1.6168213332121122,13.931505538774273,129.56525367801424,0.28080931943592885
245,1.6148351287887353,15.503495083893284,128.4171691443216,0.28080931943592885
264,1.607602274695627,13.539643804453393,128.02217200910266,0.2806372549019608
283,1.6103971018678078,15.551550002393787,126.77474434085535,0.2806372549019608
7,3.5353336642772004,9.489537225026961,125.82204975441871,0.2762674504041146
288,1.6715726028514495,14.333153599480358,104.00019893900063,0.26704545454545453
234,1.6512270025015385,13.334133894243026,99.8105980048467,0.2668938103350369
2,1.5377125980646693,13.02288854568791,60.44988362362129,0.24397905759162303
30,1.4275163966178512,24.579422096741858,47.32272924111513,0.2051052395879982
15,2.685003273942908,2.048541373198598,8.073282268747416,0.18077239112571897
61,2.0078335619512657,3.3096938801111175,10.769277026264405,0.14481897627965043
335,2.3249045067834215,46.72820991598019,144.04574575566136,0.1444043321299639
342,2.3263248678423496,45.65245102824933,105.69630888335506,0.1442741208295762
355,2.310790822136982,46.60730135283651,131.88897424640024,0.14272809394760613
356,2.294686291744996,45.575202982804605,130.7906633258238,0.14259927797833935
357,2.309539350746125,45.87123102449717,104.89999259901639,0.14259927797833935
343,2.314717398219211,45.7067422466365,130.48003851980096,0.1424706943192065
333,2.300186049955765,23.674201337134644,104.98150525084762,0.1424706943192065
276,2.308618093054409,13.81826094462648,125.59662919768527,0.14234234234234233
109,2.198600980331161,26.650912920248917,116.00181845900616,0.14198071866783524
358,2.2809137436143336,45.53717477427089,131.80292946052134,0.1406672678088368
310,2.2836340795544654,14.13103716176711,131.34384275238145,0.1404140414041404
97,2.2350572739868264,27.590955843704805,112.13564201034002,0.14035087719298245
6,2.326585911992531,21.27864514253836,80.09184952682327,0.12598425196850394
58,1.9291841939801355,0.2891276457847276,9.252459051636237,0.11961845836555814
21,2.2870890550954828,25.08671589282682,67.71092025279532,0.11899313501144165
53,2.257021916037324,0.3458010431863414,2.8753069052228426,0.11801403691187938
14,1.3181474058633507,44.1310590966759,128.8108491240935,0.10457516339869281
34,3.049941986123207,11.547592435327946,12.708707391645362,0.1007591442374051
32,1.0913180809226688,0.5028077449318991,111.78969139600348,0.09127210496292071
33,1.131119372562009,44.84310235439669,77.72388329366157,0.09015025041736227
26,4.106156176125636,43.49935477624447,79.2473817009886,0.08990825688073395
17,0.8157297988066466,22.681394578046543,93.56259096423676,0.08208955223880597
11,1.1715203026407754,31.38355235533643,40.468293205300036,0.0800395256916996
38,0.6956538808028272,38.73219170556094,130.82628783384502,0.0769615192403798
29,4.254089053478775,2.5755698414512027,76.23711511111279,0.07559055118110236
25,4.552137351186201,4.45289753353813,54.28435402634674,0.06698564593301436
22,4.7875929695493875,4.2002158415547335,10.726633144272238,0.06523468575974542
5,0.3187439913898056,46.57881991721218,141.5784644614853,0.061381074168797956
3,0.9157930811404177,29.815178459644585,44.06376325467957,0.06004618937644342
43,0.11362099779785062,31.277263005309905,106.19327274295426,0.02871912693854107
41,0.2581583859609595,33.75670503985509,97.8643044460171,0.02651854506360867
42,0.23860398326711474,33.04441885790037,97.6301405525204,0.02631111111111111
4,0.8028454275084094,9.785622824768641,56.72259982246764,0.02599566738876854
16,4.747987070988377,12.583331187762276,93.7603943561503,0.024179620034542316
39,0.461139506755298,2.807440180401932,116.66589078153947,0.020913909182065607
12,3.860850957194349,18.00286978541624,123.66344874354289,0.009514747859181731
20,3.575961524863164,3.666084510095252,137.35274969604768,0.0
1,4.69685945277081,22.65212564535972,144.9355657231999,0.0
13,4.82776002593284,48.91478487078464,132.69854428963038,0.0
36,3.5958950532862546,34.94738271811055,149.6613018817392,0.0
