trial,t_low,t_high,radius,dice,hausdorff,score
691,0.22599085681243114,72.10304349096378,2,0.9703906999576054,26.0,0.9443906999576054
697,0.09860683133622716,72.0796190969376,2,0.9703906999576054,26.0,0.9443906999576054
725,0.34574167712652804,71.15291911706323,2,0.9693084345961401,26.0,0.9433084345961401
731,0.2912761409626645,71.1649045769573,2,0.9693084345961401,26.0,0.9433084345961401
724,0.766388340579625,71.17868378002719,2,0.9693084345961401,26.0,0.9433084345961401
727,0.26929760969527594,70.18704593458448,2,0.9682440289829144,26.0,0.9422440289829144
732,0.09341419896146741,70.45401848001474,2,0.9682440289829144,26.0,0.9422440289829144
720,0.027591543080030423,70.16237586376904,2,0.9682440289829144,26.0,0.9422440289829144
716,0.06351565566779716,70.41943219478046,2,0.9682440289829144,26.0,0.9422440289829144
713,0.8726685707462492,70.53040529042296,2,0.9682440289829144,26.0,0.9422440289829144
712,0.12587916750838102,70.71572145468801,2,0.9682440289829144,26.0,0.9422440289829144
692,0.5036682202470049,70.77876582839494,2,0.9682440289829144,26.0,0.9422440289829144
701,0.2805705450235414,70.16546444674545,2,0.9682440289829144,26.0,0.9422440289829144
699,0.30499556946127315,70.61842768041235,2,0.9682440289829144,26.0,0.9422440289829144
695,0.6268711091007684,70.56306688565265,2,0.9682440289829144,26.0,0.9422440289829144
723,1.168654359803193,71.13602441577524,2,0.9676148698551957,26.0,0.9416148698551957
702,0.036159666152749015,69.81252591333026,2,0.9669832452289221,26.0,0.9409832452289221
696,0.017319294851376288,69.32896952835443,2,0.9669832452289221,26.0,0.9409832452289221
687,0.18279260413559006,69.6808677308118,2,0.9669832452289221,26.0,0.9409832452289221
686,0.29554443545611475,69.69007941586143,2,0.9669832452289221,26.0,0.9409832452289221
718,0.03834251099664554,69.26869721380038,2,0.9669832452289221,26.0,0.9409832452289221
719,0.14551066220468156,69.18156339466498,2,0.9669832452289221,26.0,0.9409832452289221
705,0.10190961035551949,69.70830656879932,2,0.9669832452289221,26.0,0.9409832452289221
698,0.4177579083267151,69.06555306185987,2,0.9669832452289221,26.0,0.9409832452289221
715,0.24334041965278352,69.79378071353236,2,0.9669832452289221,26.0,0.9409832452289221
714,0.09380753578396761,69.36928096413224,2,0.9669832452289221,26.0,0.9409832452289221
710,0.14414362746570752,69.95412738485527,2,0.9669832452289221,26.0,0.9409832452289221
690,0.8890546564946495,69.35780781016953,2,0.9669832452289221,26.0,0.9409832452289221
722,0.11887977858890864,69.85439983988458,2,0.9669832452289221,26.0,0.9409832452289221
711,1.487411421139579,70.75635574203227,2,0.9665695720367465,26.0,0.9405695720367465
706,0.2745089018704213,68.0589467433188,2,0.9655652017856742,26.0,0.9395652017856742
728,0.1248946478716908,68.7195788547947,2,0.9655652017856742,26.0,0.9395652017856742
704,0.17775667057975353,68.69495721223859,2,0.9655652017856742,26.0,0.9395652017856742
703,1.3433122669700182,69.1051092637715,2,0.9651890921333184,26.0,0.9391890921333184
700,0.07922222542467017,67.14141784989131,2,0.9638835824249916,26.0,0.9378835824249916
721,0.2634512508084769,67.97006741735188,2,0.9638835824249916,26.0,0.9378835824249916
795,6.396195382784752,73.20841891383056,2,0.9577375708703214,26.0,0.9317375708703214
796,6.85098883824853,72.76662262384959,2,0.9555686398840527,26.0,0.9295686398840527
730,0.5243836922487688,61.10999976884217,2,0.9537832310838446,26.0,0.9277832310838445
755,5.803392299920876,69.13149925602426,2,0.9533389341749733,26.0,0.9273389341749733
765,6.6169603016077545,70.06479785369415,2,0.9525410636799418,26.0,0.9265410636799418
776,6.880342640022118,70.39319773915219,2,0.9525410636799418,26.0,0.9265410636799418
743,6.654440730656793,70.27964706239446,2,0.9525410636799418,26.0,0.9265410636799418
734,6.712755747785377,70.0445189997233,2,0.9525410636799418,26.0,0.9265410636799418
709,0.28197200076282414,60.56516685109599,2,0.9521446134231855,26.0,0.9261446134231854
707,0.5588632746660118,60.237104938066416,2,0.9521446134231855,26.0,0.9261446134231854
708,0.23803060563778544,60.30900166932772,2,0.9521446134231855,26.0,0.9261446134231854
682,0.5652873963447815,60.13496775231755,2,0.9521446134231855,26.0,0.9261446134231854
685,0.5669466300549365,60.47483448286136,2,0.9521446134231855,26.0,0.9261446134231854
693,0.16731438529025233,60.232929993636326,2,0.9521446134231855,26.0,0.9261446134231854
688,0.3754290732279997,60.9174350425092,2,0.9521446134231855,26.0,0.9261446134231854
726,0.2549313539114886,60.21867202331607,2,0.9521446134231855,26.0,0.9261446134231854
694,0.32066123778856026,60.760953098687445,2,0.9521446134231855,26.0,0.9261446134231854
748,6.242122375082243,69.67507243396605,2,0.9504770145039733,26.0,0.9244770145039732
756,6.369834857349662,69.43200187242391,2,0.9504770145039733,26.0,0.9244770145039732
779,6.420500400766146,69.61383587701064,2,0.9504770145039733,26.0,0.9244770145039732
758,6.168491472061506,69.2075877686895,2,0.9504770145039733,26.0,0.9244770145039732
738,6.692228893684382,69.13171272858294,2,0.9504770145039733,26.0,0.9244770145039732
741,6.6735994055100845,69.2630810324658,2,0.9504770145039733,26.0,0.9244770145039732
737,6.86097209948758,69.15442748055075,2,0.9504770145039733,26.0,0.9244770145039732
576,2.217214077602832,62.016296699750924,2,0.9502382092137956,26.0,0.9242382092137956
717,1.149199576175329,60.02224829742552,2,0.9496005478201324,26.0,0.9236005478201323
764,7.459767577180116,70.46417711326372,2,0.9493194719923398,26.0,0.9233194719923398
580,2.8172917153880626,61.42494000391507,2,0.9481308838314596,26.0,0.9221308838314596
742,7.091838518613654,69.79919156651039,2,0.9471423021549853,26.0,0.9211423021549853
736,7.1959783916479925,69.22623526229019,2,0.9471423021549853,26.0,0.9211423021549853
770,7.169514867328571,69.02196988089608,2,0.9471423021549853,26.0,0.9211423021549853
767,6.450069778615509,67.1200713242358,2,0.9468583575232566,26.0,0.9208583575232566
584,3.357280827211281,62.29934753267689,2,0.9465135431918009,26.0,0.9205135431918009
570,3.8115488572459344,60.07077780042311,3,0.9461413874124598,26.0,0.9201413874124598
581,3.554865699933483,61.4963681908568,2,0.9441717509977522,26.0,0.9181717509977522
582,3.055103792758686,61.04322153279898,2,0.9441717509977522,26.0,0.9181717509977522
574,3.5253348671451206,61.494604804084624,2,0.9441717509977522,26.0,0.9181717509977522
562,3.224545297929502,61.66953520331502,2,0.9441717509977522,26.0,0.9181717509977522
583,3.8824558771355266,61.35674789607683,2,0.9441717509977522,26.0,0.9181717509977522
589,3.7711970433737374,61.32100875248313,2,0.9441717509977522,26.0,0.9181717509977522
591,3.7196634350547786,60.484400065089744,2,0.9422798427694642,26.0,0.9162798427694642
577,3.465597307725726,60.11238311313411,2,0.9422798427694642,26.0,0.9162798427694642
571,4.443903784088269,61.951199837393574,2,0.9403964362179709,26.0,0.9143964362179708
585,3.363729388278504,59.408258440105,2,0.9398423454570599,26.0,0.9138423454570599
785,6.626802322312148,60.047505890983615,3,0.934990660240297,26.0,0.908990660240297
786,6.530943690961568,60.62703261679804,3,0.934990660240297,26.0,0.908990660240297
793,6.596747143210354,60.35368075770524,3,0.934990660240297,26.0,0.908990660240297
774,5.425615953221464,60.969803001628314,2,0.9346300798888503,26.0,0.9086300798888503
757,6.471255745042326,61.04312141466983,2,0.9332591510768018,26.0,0.9072591510768018
78,7.482918620322282,62.371824490374884,2,0.9318165989553105,26.0,0.9058165989553105
746,6.471831181624092,60.142389759454005,2,0.9310529128808124,26.0,0.9050529128808124
744,6.625506219160982,60.033706749180034,2,0.9310529128808124,26.0,0.9050529128808124
797,6.822036765724967,60.71310500114603,2,0.9310529128808124,26.0,0.9050529128808124
754,6.530159985887569,60.35319521736341,2,0.9310529128808124,26.0,0.9050529128808124
729,6.477393232044342,60.18436931489522,2,0.9310529128808124,26.0,0.9050529128808124
739,6.572203133079323,60.41372226739482,2,0.9310529128808124,26.0,0.9050529128808124
735,6.7399462178776925,60.34266785101553,2,0.9310529128808124,26.0,0.9050529128808124
733,6.855278641811747,60.288826876198165,2,0.9310529128808124,26.0,0.9050529128808124
138,0.04226006403176541,58.02685050782875,4,0.9294591128211932,26.0,0.9034591128211932
740,6.308191656526297,59.750532044004885,2,0.9280585602387169,26.0,0.9020585602387169
150,1.1530637410752447,49.35498231776515,4,0.9279628906698509,26.0,0.9019628906698509
794,7.075132531540566,60.265319797529756,2,0.926328079392878,26.0,0.900328079392878
761,7.090573398050195,60.41124129718592,2,0.926328079392878,26.0,0.900328079392878
784,7.626080798880244,60.909703825456496,2,0.926328079392878,26.0,0.900328079392878
137,0.275807783662966,59.876392851712126,4,0.9262219489701814,26.0,0.9002219489701814
379,3.754484453474708,51.97963859535247,4,0.9251000045979125,26.0,0.8991000045979125
397,3.636051403656524,51.632924048506155,4,0.9251000045979125,26.0,0.8991000045979125
579,3.6824988724188303,69.87199984014643,3,0.9242730992892526,26.0,0.8982730992892526
422,2.7819771958591,49.784268732562936,2,0.9226871833364608,26.0,0.8966871833364608
427,3.5917303641700857,47.30513983004,4,0.9219984109921951,26.0,0.8959984109921951
474,3.6864550169631265,47.88398146180876,4,0.9219984109921951,26.0,0.8959984109921951
426,3.730935822987166,49.15686988187353,4,0.9214335260115607,26.0,0.8954335260115607
545,2.7891904972350465,44.03054852773748,4,0.9200177998454224,26.0,0.8940177998454224
778,6.656439083033266,68.3104604648036,3,0.9199282024341126,26.0,0.8939282024341125
478,3.6285315965939935,45.45912815562863,4,0.9182443052525394,26.0,0.8922443052525394
490,3.695538709469796,45.136448612850295,4,0.9182443052525394,26.0,0.8922443052525394
546,3.718190283884285,45.426384243508664,4,0.9182443052525394,26.0,0.8922443052525394
524,3.575489740430341,45.79455777530879,4,0.9182443052525394,26.0,0.8922443052525394
491,3.7874434079389783,45.90917362521652,4,0.9182443052525394,26.0,0.8922443052525394
550,3.998530989124996,45.433737523170365,4,0.9182443052525394,26.0,0.8922443052525394
492,3.6513566547541143,45.18195206536125,4,0.9182443052525394,26.0,0.8922443052525394
496,3.5447926694533756,45.71276755374111,4,0.9182443052525394,26.0,0.8922443052525394
494,3.308073415639587,45.149388466157916,4,0.9182443052525394,26.0,0.8922443052525394
505,3.1256944919365846,45.60363929552001,4,0.9182443052525394,26.0,0.8922443052525394
525,2.6182928960864826,43.8339956907395,4,0.9176818533906063,26.0,0.8916818533906062
660,0.01080880324125344,40.40437248658804,4,0.9169663211826364,26.0,0.8909663211826364
745,6.978385712878692,72.16008297652087,1,0.916901072705602,26.0,0.8909010727056019
516,2.8473285098202705,46.78171191851307,2,0.9163008072510975,26.0,0.8903008072510975
535,3.7440375769275223,44.55362173774876,4,0.915612211298744,26.0,0.889612211298744
528,3.774457794609158,44.65457680974061,4,0.915612211298744,26.0,0.889612211298744
777,6.570059791238611,69.72907055157515,3,0.9155736992964475,26.0,0.8895736992964475
208,6.975813962152416,51.971812156312176,3,0.9151047928896433,26.0,0.8891047928896433
783,6.739521945743363,70.7273068976496,3,0.914799369044275,26.0,0.8887993690442749
789,6.795974316005902,70.12372901411572,3,0.914799369044275,26.0,0.8887993690442749
680,0.5236970046001117,39.483910117390174,4,0.914666603858021,26.0,0.888666603858021
663,0.5475689387884896,39.37363515846733,4,0.914666603858021,26.0,0.888666603858021
664,0.17373669728206398,39.829709900845295,4,0.914666603858021,26.0,0.888666603858021
667,0.1267688606424282,39.29322255922253,4,0.914666603858021,26.0,0.888666603858021
669,0.18094816272317438,39.895858881564294,4,0.914666603858021,26.0,0.888666603858021
673,0.37866102001169505,39.04928170222755,4,0.914666603858021,26.0,0.888666603858021
527,4.418026727248094,45.68616560474471,4,0.9142413111048319,26.0,0.8882413111048318
514,2.9447118940235457,45.50532820763157,2,0.9138677838528723,26.0,0.8878677838528722
632,0.05264695817723375,41.0414075902872,2,0.913392539964476,26.0,0.887392539964476
637,0.26821123835085015,41.27947219369117,2,0.913392539964476,26.0,0.887392539964476
559,3.7641240134671223,43.25472164204601,4,0.913231030337317,26.0,0.887231030337317
501,3.867864114544843,43.82421047602668,4,0.913231030337317,26.0,0.887231030337317
533,3.837940251864631,47.68777368320261,2,0.9129734848484848,26.0,0.8869734848484848
676,0.05404934026576358,38.03234162316955,4,0.9121730097270753,26.0,0.8861730097270752
678,0.33698037486152854,38.02488779896201,4,0.9121730097270753,26.0,0.8861730097270752
675,0.9265356752652907,38.58247168961867,4,0.9121730097270753,26.0,0.8861730097270752
674,0.09538724378620606,38.424978343391444,4,0.9121730097270753,26.0,0.8861730097270752
672,0.5065516824969238,38.742971823886165,4,0.9121730097270753,26.0,0.8861730097270752
751,6.451251931147399,70.30915543427537,1,0.9121126490732315,26.0,0.8861126490732315
759,6.110946042169584,70.3694414554697,1,0.9121126490732315,26.0,0.8861126490732315
760,6.4878638018293735,70.55835738138,1,0.9121126490732315,26.0,0.8861126490732315
670,1.1426212874660013,39.69491338522817,4,0.9117924974014929,26.0,0.8857924974014929
668,1.9647967822742376,39.91990168148251,4,0.9117924974014929,26.0,0.8857924974014929
753,5.776602694406841,60.19781054023886,1,0.9114846878822034,26.0,0.8854846878822034
617,0.24063379165128485,40.15959593769567,2,0.9108915593977105,26.0,0.8848915593977105
602,0.1373302724019027,40.645233668336154,2,0.9108915593977105,26.0,0.8848915593977105
638,0.12761276822589762,40.29195609663609,2,0.9108915593977105,26.0,0.8848915593977105
645,0.021821743567190133,40.63585294569937,2,0.9108915593977105,26.0,0.8848915593977105
616,0.18391006600508963,40.2168319563784,2,0.9108915593977105,26.0,0.8848915593977105
649,0.2731912951862987,40.21555072764019,2,0.9108915593977105,26.0,0.8848915593977105
658,0.25394015236887846,40.80733765557106,2,0.9108915593977105,26.0,0.8848915593977105
781,7.650981716347053,71.72787474106308,3,0.9107555440392131,26.0,0.8847555440392131
513,3.8073080129096226,46.47946164357071,2,0.9107473309608541,26.0,0.8847473309608541
790,6.345075510699244,69.9022788125753,1,0.9098936961581839,26.0,0.8838936961581839
152,6.722408387406576,47.51760446135704,4,0.9096110651377232,26.0,0.8836110651377231
665,0.01878896547991804,37.75259005378429,4,0.90947398323943,26.0,0.8834739832394299
666,0.17318476403773042,37.87753854888798,4,0.90947398323943,26.0,0.8834739832394299
661,0.09428396517712212,37.98439060003752,4,0.90947398323943,26.0,0.8834739832394299
671,0.6488067459638693,37.135917219957996,4,0.90947398323943,26.0,0.8834739832394299
567,2.8666987175802534,43.20639562269369,2,0.9090563256377945,26.0,0.8830563256377945
662,1.106295275972062,38.18403660802109,4,0.9090263139196134,26.0,0.8830263139196134
563,3.073896570314062,42.82919657005017,3,0.9086119746553074,26.0,0.8826119746553074
654,0.0486370931915987,39.38049716579543,2,0.9083853149850007,26.0,0.8823853149850007
655,0.6446921558576109,39.024105022827165,2,0.9083853149850007,26.0,0.8823853149850007
648,0.08969110193982655,39.9219538390193,2,0.9083853149850007,26.0,0.8823853149850007
656,0.5664932929855686,39.36058801907171,2,0.9083853149850007,26.0,0.8823853149850007
636,0.034927243724332424,39.257490823256184,2,0.9083853149850007,26.0,0.8823853149850007
642,0.03579038794686662,39.28684040292423,2,0.9083853149850007,26.0,0.8823853149850007
641,0.3144221138858212,39.75832089617646,2,0.9083853149850007,26.0,0.8823853149850007
659,0.19579744603156346,39.6635178258512,2,0.9083853149850007,26.0,0.8823853149850007
651,0.3461573530763862,39.1857719253145,2,0.9083853149850007,26.0,0.8823853149850007
646,0.17348163427888785,39.94604690688284,2,0.9083853149850007,26.0,0.8823853149850007
615,0.054357341513812774,39.64700471553219,2,0.9083853149850007,26.0,0.8823853149850007
627,0.2329909164633294,39.64405759860667,2,0.9083853149850007,26.0,0.8823853149850007
614,0.2237610137048246,39.88740652477021,2,0.9083853149850007,26.0,0.8823853149850007
631,0.011417146031572845,39.54591651877715,2,0.9083853149850007,26.0,0.8823853149850007
630,0.1396379347032659,39.9537762299818,2,0.9083853149850007,26.0,0.8823853149850007
510,3.6531076293377858,45.77498243599537,2,0.9082343984202137,26.0,0.8822343984202137
532,3.6518814449860297,45.226557517173596,2,0.9082343984202137,26.0,0.8822343984202137
523,3.9352307548549157,45.19986698994451,2,0.9082343984202137,26.0,0.8822343984202137
771,6.42341403402486,68.88983465367781,1,0.9071663980369987,26.0,0.8811663980369987
681,0.9722074680588415,36.761756460476846,4,0.9067603494113179,26.0,0.8807603494113179
657,0.9463211472303463,38.87102512008184,2,0.9059890240992603,26.0,0.8799890240992603
653,0.6586110731894563,38.151704533950344,2,0.9059890240992603,26.0,0.8799890240992603
622,0.36123201369685054,38.5423012175435,2,0.9059890240992603,26.0,0.8799890240992603
644,0.16691112779711315,38.718692813213046,2,0.9059890240992603,26.0,0.8799890240992603
633,0.3523939174282047,38.73709891601259,2,0.9059890240992603,26.0,0.8799890240992603
626,0.144634186751734,38.01385823514155,2,0.9059890240992603,26.0,0.8799890240992603
683,0.663332583508339,38.04796121546899,2,0.9059890240992603,26.0,0.8799890240992603
639,0.11193932988919819,38.41009164389972,2,0.9059890240992603,26.0,0.8799890240992603
515,3.7467314123725046,44.822707398863216,2,0.9058826334740205,26.0,0.8798826334740205
537,3.6614174650933107,44.001248511798146,2,0.9058826334740205,26.0,0.8798826334740205
508,3.3995442103444,44.871832556131686,2,0.9058826334740205,26.0,0.8798826334740205
569,3.3264990691008496,44.011584055039584,2,0.9058826334740205,26.0,0.8798826334740205
544,3.8080291476625048,44.20512020270281,2,0.9058826334740205,26.0,0.8798826334740205
578,3.7659535123535113,41.76160022636389,3,0.9053864280103777,26.0,0.8793864280103777
572,2.3780108319071855,41.28548822716951,2,0.9044321329639889,26.0,0.8784321329639889
679,1.814710531385653,36.49615836006187,4,0.903405572755418,26.0,0.877405572755418
619,0.034755436470216505,37.9876696618768,2,0.9033215277113047,26.0,0.8773215277113047
684,0.7934417938923879,37.48507981249962,2,0.9033215277113047,26.0,0.8773215277113047
625,0.2214849718801739,37.70618012537862,2,0.9033215277113047,26.0,0.8773215277113047
551,3.4037194386675917,43.57729093095897,2,0.9031887938040828,26.0,0.8771887938040828
538,3.3974576548665,43.39255347024694,2,0.9031887938040828,26.0,0.8771887938040828
557,3.4581018967443686,43.98812458008127,2,0.9031887938040828,26.0,0.8771887938040828
565,3.6244514719385954,43.4107719335951,2,0.9031887938040828,26.0,0.8771887938040828
561,3.318652516917628,43.810842009125494,2,0.9031887938040828,26.0,0.8771887938040828
291,9.191247909678806,52.51764787108459,3,0.9025978673155372,26.019223662515376,0.8765786436530217
55,10.010525675373326,69.96691328687812,3,0.9024256152002287,26.019223662515376,0.8764063915377133
530,4.337635838897571,45.646614802212156,2,0.9022178625260187,26.0,0.8762178625260186
529,4.083460110687401,45.454832481687916,2,0.9022178625260187,26.0,0.8762178625260186
531,4.476513937810727,45.86915721940559,2,0.9022178625260187,26.0,0.8762178625260186
597,2.852690532792985,40.43924437722127,2,0.9015953624299334,26.0,0.8755953624299334
596,2.9785697894142458,40.27650124335837,2,0.9015953624299334,26.0,0.8755953624299334
526,3.731724853880008,42.91603153077598,2,0.9007929853141995,26.0,0.8747929853141995
554,3.5654604261573324,42.09795547702158,2,0.9007929853141995,26.0,0.8747929853141995
558,3.308210483506324,42.56572617196469,2,0.9007929853141995,26.0,0.8747929853141995
373,10.995511481076221,52.055279386297045,4,0.9004893196574763,26.0,0.8744893196574762
335,10.986749658661175,52.02920672964745,4,0.9004893196574763,26.0,0.8744893196574762
689,0.2596927296614431,36.27867511134677,2,0.9004175265153334,26.0,0.8744175265153333
652,0.8459069921721989,36.78081360697399,2,0.9004175265153334,26.0,0.8744175265153333
542,4.449393806357213,44.402185536234555,2,0.8998920992686729,26.0,0.8738920992686728
556,4.2070263840824875,44.02799885121786,2,0.8998920992686729,26.0,0.8738920992686728
109,9.470441992307627,51.48598378479491,3,0.8997273118691097,26.019223662515376,0.8737080882065943
604,2.9405445874161873,39.01192957048353,2,0.8989120253620578,26.0,0.8729120253620578
647,2.773231238841746,39.26528137404119,2,0.8989120253620578,26.0,0.8729120253620578
643,0.16092121309781726,35.94203085405979,2,0.8983723222657659,26.0,0.8723723222657659
650,1.3685571717626848,37.9934124842145,2,0.8983242372514606,26.0,0.8723242372514606
599,3.3735220864408193,41.3195787550818,2,0.898323807694155,26.0,0.872323807694155
555,3.789937592319256,41.98592947186378,2,0.898323807694155,26.0,0.872323807694155
568,3.288271741762733,41.95442021494393,2,0.898323807694155,26.0,0.872323807694155
564,4.063004994563434,43.209995431706176,2,0.8970623587672484,26.0,0.8710623587672484
371,11.769336466854087,52.84027563656741,4,0.89649959846946,26.0,0.87049959846946
351,11.540904352673614,52.651585249571234,4,0.89649959846946,26.0,0.87049959846946
375,11.044269212683316,52.16395369404047,4,0.89649959846946,26.0,0.87049959846946
357,11.9913513896439,52.55921004543407,4,0.89649959846946,26.0,0.87049959846946
380,11.070576400522963,52.22668002194923,4,0.89649959846946,26.0,0.87049959846946
349,11.947981640780009,52.51601248435472,4,0.89649959846946,26.0,0.87049959846946
343,11.908303905212062,52.59757016030239,4,0.89649959846946,26.0,0.87049959846946
336,11.156797027389846,52.71541608165251,4,0.89649959846946,26.0,0.87049959846946
345,11.12787266241153,52.78354603111604,4,0.89649959846946,26.0,0.87049959846946
340,11.449055224020546,52.45325370110072,4,0.89649959846946,26.0,0.87049959846946
337,11.529997524039977,52.06792989435981,4,0.89649959846946,26.0,0.87049959846946
348,11.029874427243811,52.428050027330244,4,0.89649959846946,26.0,0.87049959846946
333,11.159499228750631,52.866607515121366,4,0.89649959846946,26.0,0.87049959846946
416,11.966995232682244,52.51607918629211,4,0.89649959846946,26.0,0.87049959846946
332,11.128012008382612,56.21437731145005,4,0.8960730509373487,26.0,0.8700730509373487
623,3.545152153848862,40.12793610554239,2,0.8954253089542531,26.0,0.8694253089542531
640,3.3455754735398893,40.41015899905896,2,0.8954253089542531,26.0,0.8694253089542531
629,3.1419792352300226,40.00598378170136,2,0.8954253089542531,26.0,0.8694253089542531
621,3.9167336875845535,40.268341150545155,2,0.8954253089542531,26.0,0.8694253089542531
620,3.2728659058235965,40.145051788519865,2,0.8954253089542531,26.0,0.8694253089542531
613,3.3599399478633303,40.5537101035885,2,0.8954253089542531,26.0,0.8694253089542531
587,3.275730256060404,40.1536300053442,2,0.8954253089542531,26.0,0.8694253089542531
573,3.478526326030888,40.84780556127117,2,0.8954253089542531,26.0,0.8694253089542531
575,4.237728999210209,42.012941306405295,2,0.8945060240963856,26.0,0.8685060240963856
365,11.582970320092468,51.901743906325166,4,0.89381159969674,26.0,0.8678115996967399
334,11.131223216611547,51.55657707830285,4,0.89381159969674,26.0,0.8678115996967399
344,11.750445336065566,51.9210562953777,4,0.89381159969674,26.0,0.8678115996967399
394,11.194528125866576,51.53593733144017,4,0.89381159969674,26.0,0.8678115996967399
370,12.968160389232855,52.877823054086754,4,0.8928622243300924,26.0,0.8668622243300924
401,12.463429922802149,52.68810141439394,4,0.8928622243300924,26.0,0.8668622243300924
391,12.327984642652984,52.619306705120664,4,0.8928622243300924,26.0,0.8668622243300924
390,12.968213899523562,52.53538356612481,4,0.8928622243300924,26.0,0.8668622243300924
389,12.401961674531325,52.966039537836416,4,0.8928622243300924,26.0,0.8668622243300924
384,12.110089559264768,52.11689316971687,4,0.8928622243300924,26.0,0.8668622243300924
383,12.196887246404353,52.82815231443439,4,0.8928622243300924,26.0,0.8668622243300924
381,12.267163839811678,52.30827777690782,4,0.8928622243300924,26.0,0.8668622243300924
342,12.501307592150031,52.529529055927256,4,0.8928622243300924,26.0,0.8668622243300924
395,12.505669126725458,52.75268223995639,4,0.8928622243300924,26.0,0.8668622243300924
396,12.849081150899622,52.96157385048182,4,0.8928622243300924,26.0,0.8668622243300924
399,12.696488609316306,52.65282226245972,4,0.8928622243300924,26.0,0.8668622243300924
403,12.61635715749464,52.43070676985707,4,0.8928622243300924,26.0,0.8668622243300924
369,12.719389279872246,52.51196428986453,4,0.8928622243300924,26.0,0.8668622243300924
350,12.293593526484539,52.40784608643416,4,0.8928622243300924,26.0,0.8668622243300924
372,12.570042998387924,52.6962526617161,4,0.8928622243300924,26.0,0.8668622243300924
353,12.007367316275854,52.52293661406504,4,0.8928622243300924,26.0,0.8668622243300924
354,12.24476851597155,52.25537778151254,4,0.8928622243300924,26.0,0.8668622243300924
356,12.280989872618413,52.01405723985437,4,0.8928622243300924,26.0,0.8668622243300924
409,12.791443226364867,52.390694027173026,4,0.8928622243300924,26.0,0.8668622243300924
393,12.707343464571437,52.59200916406028,4,0.8928622243300924,26.0,0.8668622243300924
361,12.21507695415142,52.482481735150174,4,0.8928622243300924,26.0,0.8668622243300924
363,12.998522963350341,52.527333397649805,4,0.8928622243300924,26.0,0.8668622243300924
408,12.227622634058502,52.441799884969704,4,0.8928622243300924,26.0,0.8668622243300924
358,12.400021322125577,52.1622851413546,4,0.8928622243300924,26.0,0.8668622243300924
400,12.638715963180026,52.68215773806864,4,0.8928622243300924,26.0,0.8668622243300924
624,3.286048380797112,39.02084031248883,2,0.8924964970768711,26.0,0.866496497076871
634,3.01074715998081,39.68116024621961,2,0.8924964970768711,26.0,0.866496497076871
593,3.449784303936893,39.99945378683728,2,0.8924964970768711,26.0,0.866496497076871
595,3.8411808552132127,39.97934761998688,2,0.8924964970768711,26.0,0.866496497076871
598,3.2776788091270035,39.67262257076457,2,0.8924964970768711,26.0,0.866496497076871
600,3.2538500082319275,39.79320832907931,2,0.8924964970768711,26.0,0.866496497076871
603,3.054159295091897,39.71346428445758,2,0.8924964970768711,26.0,0.866496497076871
605,3.258105604844614,39.37027956306626,2,0.8924964970768711,26.0,0.866496497076871
606,3.84388492604038,39.55033906998944,2,0.8924964970768711,26.0,0.866496497076871
608,3.4735860227711757,39.88554308477091,2,0.8924964970768711,26.0,0.866496497076871
609,3.4919514620438665,39.779710076690534,2,0.8924964970768711,26.0,0.866496497076871
610,3.4020666464686755,39.629375244950566,2,0.8924964970768711,26.0,0.866496497076871
612,3.45871352186693,39.63459775495536,2,0.8924964970768711,26.0,0.866496497076871
618,3.419382378849313,39.73628019758904,2,0.8924964970768711,26.0,0.866496497076871
628,3.60474656733,39.18925521552857,2,0.8924964970768711,26.0,0.866496497076871
592,3.9648654871616644,39.701768270864264,2,0.8924964970768711,26.0,0.866496497076871
341,11.174649474424466,53.24621387777525,4,0.8912338041321349,26.0,0.8652338041321349
339,11.414934215090746,53.275194891360314,4,0.8912338041321349,26.0,0.8652338041321349
378,11.650575233293019,53.42126949403564,4,0.8912338041321349,26.0,0.8652338041321349
388,11.991624945646386,50.61996258868786,4,0.8907710975232567,26.0,0.8647710975232566
338,11.50054571065121,50.03307141312701,4,0.8907710975232567,26.0,0.8647710975232566
355,12.30219180639551,51.64330689223677,4,0.8901786351418853,26.0,0.8641786351418853
359,12.768956694161867,51.7643561460625,4,0.8901786351418853,26.0,0.8641786351418853
362,12.42395083603487,51.57998845131886,4,0.8901786351418853,26.0,0.8641786351418853
413,12.978360340998478,51.677330123666415,4,0.8901786351418853,26.0,0.8641786351418853
386,12.773022268894918,51.099086205400376,4,0.8901786351418853,26.0,0.8641786351418853
415,12.948809628879548,51.93213232870853,4,0.8901786351418853,26.0,0.8641786351418853
586,3.3468082337373106,38.24860305840988,2,0.889276542133062,26.0,0.8632765421330619
635,3.2882232704997922,38.97708095935879,2,0.889276542133062,26.0,0.8632765421330619
601,3.2898743036307803,38.960273137648926,2,0.889276542133062,26.0,0.8632765421330619
382,12.903078436221222,54.571069014546836,4,0.8885623658923407,26.0,0.8625623658923407
374,12.660260098896483,54.63814158588705,4,0.8885623658923407,26.0,0.8625623658923407
346,12.04452815713082,54.277161362943794,4,0.8885623658923407,26.0,0.8625623658923407
406,12.879877225983831,54.864009587767875,4,0.8885623658923407,26.0,0.8625623658923407
404,13.994299796727045,52.53296320826597,4,0.888444317424026,26.0,0.8624443174240259
405,13.220786403412607,52.118270488156796,4,0.888444317424026,26.0,0.8624443174240259
368,13.17626124349987,52.117002335614416,4,0.888444317424026,26.0,0.8624443174240259
366,13.624621734283625,52.57182999762467,4,0.888444317424026,26.0,0.8624443174240259
364,13.383662704826957,52.26108295228358,4,0.888444317424026,26.0,0.8624443174240259
410,13.300525941664068,52.94597345394729,4,0.888444317424026,26.0,0.8624443174240259
412,13.520528356910487,52.128344897969576,4,0.888444317424026,26.0,0.8624443174240259
377,13.60855554639955,52.61862663949164,4,0.888444317424026,26.0,0.8624443174240259
385,13.006724741456123,52.80517603509446,4,0.888444317424026,26.0,0.8624443174240259
352,12.393714316168566,53.227135869860255,4,0.8876546681664792,26.0,0.8616546681664792
392,12.83196959027823,53.1852689060989,4,0.8876546681664792,26.0,0.8616546681664792
398,12.453182376933688,53.688516573734226,4,0.8876546681664792,26.0,0.8616546681664792
360,12.701021948788515,53.7283643173115,4,0.8876546681664792,26.0,0.8616546681664792
411,12.771884452298684,53.01638325736334,4,0.8876546681664792,26.0,0.8616546681664792
402,12.367530642576789,50.787974573252825,4,0.8868879866252687,26.0,0.8608879866252687
367,12.0711862024177,50.68495526928089,4,0.8868879866252687,26.0,0.8608879866252687
590,3.3216597323889676,37.48130674073558,2,0.8864045107665387,26.0,0.8604045107665387
611,3.467209217738089,37.50181506755957,2,0.8864045107665387,26.0,0.8604045107665387
417,13.039707041204835,51.935282851700784,4,0.8859483602837557,26.0,0.8599483602837557
414,13.527973321447847,51.09273105540755,4,0.8859483602837557,26.0,0.8599483602837557
594,4.340219578756354,39.385610855593804,2,0.885885812896483,26.0,0.859885812896483
428,12.685741106609331,49.900036438682584,4,0.884362869602722,26.0,0.858362869602722
376,14.056105306961989,52.059477718328516,4,0.8839144784043622,26.0,0.8579144784043622
407,14.199517565867819,52.12865469162784,4,0.8839144784043622,26.0,0.8579144784043622
347,14.05941524832085,52.496923989693414,4,0.8839144784043622,26.0,0.8579144784043622
387,13.111248240639142,53.436005758369156,4,0.8833400014120637,26.0,0.8573400014120637
431,13.481212436790125,50.37624271443592,4,0.8824982610989854,26.0,0.8564982610989854
588,4.230791576361385,38.709469394444454,2,0.8824633688470634,26.0,0.8564633688470634
773,6.462406668824256,60.715113052343874,1,0.8820689655172413,26.0,0.8560689655172413
749,6.5127395547974505,60.216251953663345,1,0.8820689655172413,26.0,0.8560689655172413
747,6.984518478380688,60.303632251151534,1,0.8820689655172413,26.0,0.8560689655172413
772,6.684324946335964,60.17309743140786,1,0.8820689655172413,26.0,0.8560689655172413
766,6.85889530488479,60.484683891927645,1,0.8820689655172413,26.0,0.8560689655172413
425,13.992901826267119,48.943347206290134,4,0.8813830949663696,26.0,0.8553830949663696
448,13.787620526652631,48.950922297290106,4,0.8813830949663696,26.0,0.8553830949663696
432,13.211359468776461,49.15373663713579,4,0.8800288739172281,26.0,0.854028873917228
430,13.169227336502885,49.00576498981855,4,0.8800288739172281,26.0,0.854028873917228
435,13.547980506795295,49.59839350456154,4,0.8800288739172281,26.0,0.854028873917228
437,13.788180549095527,49.90933976031032,4,0.8800288739172281,26.0,0.854028873917228
438,13.815913563407069,49.426454601333276,4,0.8800288739172281,26.0,0.854028873917228
560,3.9367981012331517,62.16710835516639,4,0.8798714175381468,26.0,0.8538714175381468
607,4.105354344802364,37.65872378035557,2,0.8794697451450374,26.0,0.8534697451450374
762,7.507316174226272,69.31213704448702,1,0.8764100534336038,26.0,0.8504100534336038
452,14.887300324036119,48.02551142320948,4,0.8761983753323738,26.0,0.8501983753323737
440,14.37685549899005,48.86188743503052,4,0.8761983753323738,26.0,0.8501983753323737
453,14.820969761926658,48.803151020576756,4,0.8761983753323738,26.0,0.8501983753323737
444,14.805370972336853,48.15850034681038,4,0.8761983753323738,26.0,0.8501983753323737
450,14.774403980413865,48.567556726495525,4,0.8761983753323738,26.0,0.8501983753323737
442,14.42158581377178,49.12089645786822,4,0.8752537457709039,26.0,0.8492537457709038
420,14.688337044393482,49.66751325302163,4,0.8752537457709039,26.0,0.8492537457709038
446,14.53783476027418,49.74619513385728,4,0.8752537457709039,26.0,0.8492537457709038
455,14.238853257126559,49.09731513629175,4,0.8752537457709039,26.0,0.8492537457709038
443,14.35241678740984,49.34335705892971,4,0.8752537457709039,26.0,0.8492537457709038
433,14.758431907459563,49.39542859649261,4,0.8752537457709039,26.0,0.8492537457709038
445,14.767446616840271,49.2632574019859,4,0.8752537457709039,26.0,0.8492537457709038
436,14.86113140536995,49.833963373677335,4,0.8752537457709039,26.0,0.8492537457709038
441,14.421932989074795,49.55230701298194,4,0.8752537457709039,26.0,0.8492537457709038
434,14.161041158779884,47.96726899017239,4,0.8724289911851126,26.0,0.8464289911851126
457,15.240596889069803,48.898061290055054,4,0.8695566792675143,26.0,0.8435566792675143
456,15.119133754720576,48.485735619877566,4,0.8695566792675143,26.0,0.8435566792675143
429,15.000661909217726,49.86829504841194,4,0.8688548504741065,26.0,0.8428548504741065
447,15.284933733095535,49.499965337874514,4,0.8688548504741065,26.0,0.8428548504741065
454,15.089285623241386,49.090410366322104,4,0.8688548504741065,26.0,0.8428548504741065
451,15.775851985264104,49.21156417834253,4,0.8688548504741065,26.0,0.8428548504741065
467,15.550784232579943,47.390993866116304,4,0.8660474512799035,26.0,0.8400474512799034
479,15.592821481248091,47.04688509348292,4,0.8660474512799035,26.0,0.8400474512799034
132,1.9362895810153102,22.210266056227468,4,0.8651668726823238,26.70205984563738,0.8384648128366865
465,15.285783613635585,46.311003146871236,4,0.8625599446284669,26.0,0.8365599446284668
477,15.257910005474166,46.01515032522486,4,0.8625599446284669,26.0,0.8365599446284668
502,15.95992189055302,46.487643267804245,4,0.8625599446284669,26.0,0.8365599446284668
489,15.359455603144582,46.9966248225239,4,0.8625599446284669,26.0,0.8365599446284668
485,15.746223841827632,46.545809846626355,4,0.8625599446284669,26.0,0.8365599446284668
480,15.38944815633526,46.5270394287547,4,0.8625599446284669,26.0,0.8365599446284668
504,15.64880958102771,46.005120581481556,4,0.8625599446284669,26.0,0.8365599446284668
468,15.773181420501095,46.155552909873066,4,0.8625599446284669,26.0,0.8365599446284668
475,15.570320245346732,46.74234360849334,4,0.8625599446284669,26.0,0.8365599446284668
459,15.081424454455249,46.78538888498875,4,0.8625599446284669,26.0,0.8365599446284668
469,15.234457771740392,46.62467967075103,4,0.8625599446284669,26.0,0.8365599446284668
476,14.992451906901609,44.67138569410058,4,0.860114404576183,26.0,0.834114404576183
327,10.434282028391621,52.24203087484104,5,0.8597639723892229,26.0,0.8337639723892228
488,15.597200539020037,45.59429659810898,4,0.8582276596272675,26.0,0.8322276596272675
473,15.934940131262334,45.59535131307903,4,0.8582276596272675,26.0,0.8322276596272675
462,16.050862216278276,46.416791333618946,4,0.8554010003234876,26.0,0.8294010003234876
461,15.141393849195564,44.810488533317624,4,0.8532542313732333,26.0,0.8272542313732333
184,1.1434122028785332,20.074405720653317,3,0.8537195457501626,26.870057685088806,0.8268494880650739
214,5.977158741679178,53.41071685685573,5,0.852086556598775,26.0,0.826086556598775
472,16.15650340566741,45.90923029225265,4,0.8505235798365531,26.0,0.8245235798365531
497,15.617971832558199,43.56146186432862,4,0.8482587687454622,26.0,0.8222587687454622
88,15.256373112934158,47.923755745695956,3,0.8446702039379385,26.40075756488817,0.8182694463730503
135,0.33421840109393486,57.65077205889699,5,0.8441759168188844,26.0,0.8181759168188844
331,9.659118831427632,53.38893608013499,5,0.8400128796823012,26.0,0.8140128796823012
768,7.50737312953351,59.98049499388706,1,0.8393039918116684,26.0,0.8133039918116683
236,7.341054358218479,54.58023670498308,5,0.8365483512100922,26.0,0.8105483512100922
323,10.406367571643088,53.18855491003737,5,0.83627584125547,26.0,0.81027584125547
309,10.642339306083173,53.467667318441904,5,0.83627584125547,26.0,0.81027584125547
298,10.223049987306966,53.25436940236601,5,0.83627584125547,26.0,0.81027584125547
213,5.465133855891068,55.50481795840681,5,0.8357619165225981,26.0,0.8097619165225981
218,5.407505190603905,56.549543081769606,5,0.833888877528067,26.0,0.8078888775280669
307,9.863709970600707,54.6772707125192,5,0.8313922766375684,26.0,0.8053922766375684
302,9.74425069282539,54.550217456233185,5,0.8313922766375684,26.0,0.8053922766375684
228,7.605321167261179,55.11579220445255,5,0.8295115894039735,26.0,0.8035115894039735
305,10.160088019243332,54.13218551510375,5,0.8278789422301456,26.0,0.8018789422301456
303,10.381114371168762,54.786006610726695,5,0.8278789422301456,26.0,0.8018789422301456
299,10.739033103896688,54.655081835909684,5,0.8278789422301456,26.0,0.8018789422301456
136,8.529008493230009,56.77353590156653,5,0.825851967984157,26.0,0.799851967984157
212,7.532535706803994,57.16530441434047,5,0.8257619086526677,26.0,0.7997619086526677
295,9.68910656543582,55.89726200843136,5,0.8244729605866178,26.0,0.7984729605866178
324,9.276243029979351,55.61915079255425,5,0.8244729605866178,26.0,0.7984729605866178
292,9.512403848882398,55.295538585258825,5,0.8244729605866178,26.0,0.7984729605866178
300,9.244513993732443,55.90084733041689,5,0.8244729605866178,26.0,0.7984729605866178
328,9.57222456049274,55.81120818549373,5,0.8244729605866178,26.0,0.7984729605866178
320,11.3854994643084,54.4928585015521,5,0.8244014654511375,26.0,0.7984014654511374
314,11.72486477016291,54.060251874683935,5,0.8244014654511375,26.0,0.7984014654511374
315,11.04003350986204,54.57802341583378,5,0.8244014654511375,26.0,0.7984014654511374
304,11.466453693027688,54.04838260244436,5,0.8244014654511375,26.0,0.7984014654511374
316,11.136117594399995,54.91329396282283,5,0.8244014654511375,26.0,0.7984014654511374
318,11.149947739906498,54.83448239613291,5,0.8244014654511375,26.0,0.7984014654511374
322,11.535838327405035,54.89258001246292,5,0.8244014654511375,26.0,0.7984014654511374
249,7.0586468302953,23.49365665724518,4,0.824132977631849,26.70205984563738,0.7974309177862117
40,7.776475235507779,23.100550938829866,4,0.824132977631849,26.70205984563738,0.7974309177862117
310,9.950321531567365,56.73234177893862,5,0.8229696744032104,26.0,0.7969696744032104
293,9.63030622615045,56.33465347787041,5,0.8229696744032104,26.0,0.7969696744032104
312,9.63851263903295,56.094783049202,5,0.8229696744032104,26.0,0.7969696744032104
330,12.035348122943489,54.83277689267319,5,0.8224954560034213,26.0,0.7964954560034213
311,12.117820417655764,54.72149545766581,5,0.8224954560034213,26.0,0.7964954560034213
325,10.684249496887954,55.224115208450044,5,0.8215772844259379,26.0,0.7955772844259379
294,10.167792719714225,55.51631478726003,5,0.8215772844259379,26.0,0.7955772844259379
308,10.47041604842799,55.04937714053354,5,0.8215772844259379,26.0,0.7955772844259379
306,10.232173127418397,55.439272153636175,5,0.8215772844259379,26.0,0.7955772844259379
301,10.843715428695447,55.19991590371896,5,0.8215772844259379,26.0,0.7955772844259379
275,7.899820852518605,22.694964398981845,5,0.8206735338693519,26.70205984563738,0.7939714740237146
297,10.16208316773066,56.781912059715204,5,0.8192346006973269,26.0,0.7932346006973269
326,10.137578855887012,56.259301854608616,5,0.8192346006973269,26.0,0.7932346006973269
319,10.276907334641614,56.01478896450158,5,0.8192346006973269,26.0,0.7932346006973269
296,10.140069184007697,56.3592954285673,5,0.8192346006973269,26.0,0.7932346006973269
169,3.5474017549096812,15.222131679655696,5,0.8198188927762914,26.92582403567252,0.7928930687406188
313,11.045416954898268,55.603085173485795,5,0.8185138539042821,26.0,0.7925138539042821
317,10.428383183339918,57.52597391653119,5,0.8171098742527314,26.0,0.7911098742527314
170,0.1520224140162192,12.020392287274982,5,0.8174949067746344,26.92582403567252,0.7905690827389619
321,11.397778275531756,56.1498858751291,5,0.8163044383379132,26.0,0.7903044383379132
222,7.144514783310637,21.73360571639908,5,0.8153310104529616,26.70205984563738,0.7886289506073243
231,7.364745732374222,21.943442033867846,5,0.8153310104529616,26.70205984563738,0.7886289506073243
329,12.056823051929303,56.48109214422057,5,0.8145004494804842,26.0,0.7885004494804841
177,6.550971665442118,19.103965241424063,5,0.8149945784065679,26.870057685088806,0.7881245207214791
217,17.19485800551616,53.75441650717029,5,0.8103968747225428,26.0,0.7843968747225428
246,7.415730594610368,20.471174260247707,5,0.8106973489854622,26.870057685088806,0.7838272913003734
182,2.3979085200688752,14.982439311482885,3,0.810345723940733,26.92582403567252,0.7834198999050604
156,2.1854290095331845,13.365645395305089,5,0.8101416930502933,26.92582403567252,0.7832158690146207
234,6.8308534418676885,18.033069748794375,5,0.8094459582198001,26.870057685088806,0.7825759005347114
677,0.049069055740545764,69.24942081923082,4,0.8044971200708906,26.076809620810597,0.77842031045008
285,8.656044714324175,21.813097520704915,5,0.8049269550272128,26.70205984563738,0.7782248951815754
230,7.08204384620647,19.76787811864565,5,0.8039645279081898,26.870057685088806,0.7770944702231011
225,7.204292915168541,19.339561872799315,5,0.8039645279081898,26.870057685088806,0.7770944702231011
158,6.006882624880994,17.427970953529467,5,0.8034567385515117,26.870057685088806,0.7765866808664229
237,7.599702358508463,18.274137901576673,5,0.7981644158909138,26.870057685088806,0.771294358205825
227,7.323875199559545,18.19294552940132,5,0.7981644158909138,26.870057685088806,0.771294358205825
232,7.31075365005122,18.95762876086723,5,0.7981644158909138,26.870057685088806,0.771294358205825
257,8.007932072912677,19.41361784085234,5,0.7913009094503757,26.870057685088806,0.7644308517652869
219,7.212299971787133,17.510392558345202,5,0.7911507695556905,26.870057685088806,0.7642807118706018
216,17.754624303009628,58.89931184754296,5,0.7869932256383533,26.0,0.7609932256383533
286,8.974477327128843,18.47622271405824,5,0.784370938221173,26.870057685088806,0.7575008805360842
165,0.9733235080585949,9.011155498763479,5,0.7835204799447851,27.2213151776324,0.7562991647671528
245,7.303570819581795,16.998390732487323,5,0.7813240343918865,26.870057685088806,0.7544539767067977
262,7.732228742839664,16.983586598427852,5,0.7813240343918865,26.870057685088806,0.7544539767067977
193,6.794156899466071,16.95790227334495,3,0.7773915833377895,26.870057685088806,0.7505215256527007
164,3.8841798144723043,11.220805326657468,5,0.777436827921125,26.92582403567252,0.7505110038854524
154,2.896687007769499,10.13432542896966,5,0.7771401115767558,26.92582403567252,0.7502142875410832
205,16.96394066569615,67.88044525127367,3,0.7838329956658887,34.19064199455752,0.7496423536713311
281,8.624223439639577,17.783158206961104,5,0.7757754010695187,26.870057685088806,0.7489053433844299
252,6.130698006263737,14.062585580319293,5,0.7728150134048257,26.92582403567252,0.7458891893691532
258,6.709550001828411,14.249747917418745,5,0.7728150134048257,26.92582403567252,0.7458891893691532
250,8.534783319534254,17.276218237487495,4,0.7717198819425811,26.870057685088806,0.7448498242574924
233,7.4669825127458465,15.842512042702404,5,0.7697104916534502,27.09243436828813,0.7426180572851621
247,7.598826991820749,15.475755953419425,5,0.7697104916534502,27.09243436828813,0.7426180572851621
270,7.395275779169747,15.08536680865619,5,0.7697104916534502,27.09243436828813,0.7426180572851621
268,7.985557346778748,15.330363354649778,5,0.7697104916534502,27.09243436828813,0.7426180572851621
276,7.874018434040309,15.36287205011382,5,0.7697104916534502,27.09243436828813,0.7426180572851621
244,7.473187883710349,15.892699893841819,5,0.7697104916534502,27.09243436828813,0.7426180572851621
243,7.712185287963003,15.895810971856886,5,0.7697104916534502,27.09243436828813,0.7426180572851621
251,8.042412013795088,16.357250461534388,5,0.7641596026132498,26.870057685088806,0.737289544928161
209,5.9481851672255655,12.809722986917157,5,0.7619099118585411,26.92582403567252,0.7349840878228685
188,7.409381170010246,16.11370971449692,3,0.7612648007153114,26.870057685088806,0.7343947430302227
44,14.33821093816141,75.38125371516577,2,0.7685612979477813,34.438350715445125,0.7341229472323362
66,1.5293304349050296,65.8839799343692,5,0.7600134277990778,26.0,0.7340134277990777
180,1.6156316469233776,9.056078232887458,3,0.7606832971800433,27.331300737432898,0.7333519964426104
263,6.901827308282986,13.302637895981716,5,0.7588021483209462,26.92582403567252,0.7318763242852736
239,6.875345874258862,13.763320289939372,5,0.7588021483209462,26.92582403567252,0.7318763242852736
267,7.8038014971169245,14.86759847734126,5,0.755786438926211,27.09243436828813,0.7286940045579229
271,7.470008519615901,14.595644863047212,5,0.755786438926211,27.09243436828813,0.7286940045579229
266,7.744558607615475,14.95601519790393,5,0.755786438926211,27.09243436828813,0.7286940045579229
240,7.374571258428778,14.315587557975231,5,0.755786438926211,27.09243436828813,0.7286940045579229
226,7.373678431052831,14.67610491845643,5,0.755786438926211,27.09243436828813,0.7286940045579229
220,7.329553260942927,14.909930008204569,5,0.755786438926211,27.09243436828813,0.7286940045579229
260,7.824843955833752,14.9071836482834,5,0.755786438926211,27.09243436828813,0.7286940045579229
224,7.2903455786461775,14.091666521437283,5,0.755786438926211,27.09243436828813,0.7286940045579229
288,8.149253658521138,15.210100368732839,5,0.7509825327510917,27.09243436828813,0.7238900983828036
242,8.238554610069562,15.094806587586051,5,0.7509825327510917,27.09243436828813,0.7238900983828036
256,8.501196399738301,15.443403625684299,5,0.7509825327510917,27.09243436828813,0.7238900983828036
264,8.531015462326966,15.935911196735562,5,0.7509825327510917,27.09243436828813,0.7238900983828036
278,8.159602877940083,15.253345540511202,5,0.7509825327510917,27.09243436828813,0.7238900983828036
211,6.201345573033568,65.21157504823323,5,0.7496923982239341,26.0,0.723692398223934
163,4.212072928504456,10.265839705468307,5,0.7476262142563962,26.92582403567252,0.7207003902207236
284,9.533521437286897,16.4065775923199,5,0.7468361365255026,26.870057685088806,0.7199660788404139
210,5.569398310709014,66.24454086526168,5,0.7424533911644339,26.419689627245813,0.716033701537188
221,7.176322902791542,13.034550104032258,5,0.7396996003858344,27.60434748368452,0.7120952529021498
265,7.53761366844382,13.139815978728276,5,0.7396996003858344,27.60434748368452,0.7120952529021498
269,7.619948620500516,13.447146047530742,5,0.7396996003858344,27.60434748368452,0.7120952529021498
273,7.477839870723812,13.39299476971307,5,0.7396996003858344,27.60434748368452,0.7120952529021498
223,7.580469946694648,13.107366978506153,5,0.7396996003858344,27.60434748368452,0.7120952529021498
282,8.662164030497586,14.174515428809151,5,0.7350867004065378,27.09243436828813,0.7079942660382497
277,8.11236298942741,14.478398627298382,5,0.7350867004065378,27.09243436828813,0.7079942660382497
259,8.069775948081519,14.556832905458414,5,0.7350867004065378,27.09243436828813,0.7079942660382497
272,8.168768324157636,14.848115594668503,5,0.7350867004065378,27.09243436828813,0.7079942660382497
253,8.038424436664563,14.744020611711466,5,0.7350867004065378,27.09243436828813,0.7079942660382497
181,0.3279560203259977,7.223496184722242,3,0.7339413933630895,27.386127875258307,0.7065552654878312
162,0.9871990197539358,6.30444815880692,5,0.7304256145607901,27.386127875258307,0.7030394866855318
204,19.481707637700335,65.79489620093504,3,0.747348277747403,49.61854492022111,0.6977297328271819
290,8.795490178394882,15.869538626624333,3,0.7244151638657808,27.477263328068172,0.6969379005377125
174,7.441450140240273,12.287327022751276,5,0.7207388748950462,27.92848008753788,0.6928103948075083
248,7.395593851694684,12.184067302084216,5,0.7207388748950462,27.92848008753788,0.6928103948075083
183,1.0817843128662021,7.839247668097761,3,0.7167997301248172,27.386127875258307,0.6894136022495589
149,2.227049542158287,7.290115559996369,4,0.7148603414812523,27.386127875258307,0.687474213605994
147,2.966230768148124,7.112092009137541,4,0.7148603414812523,27.386127875258307,0.687474213605994
274,8.190438373948165,13.98833059181742,5,0.7136829076178688,27.60434748368452,0.6860785601341842
279,8.415181964371376,13.900304571226588,5,0.7136829076178688,27.60434748368452,0.6860785601341842
261,8.307060164549783,13.817244320522114,5,0.7136829076178688,27.60434748368452,0.6860785601341842
238,8.465402075354069,13.295852952403902,5,0.7136829076178688,27.60434748368452,0.6860785601341842
255,8.205078918888226,13.32875068376888,5,0.7136829076178688,27.60434748368452,0.6860785601341842
280,8.930174874872657,13.367818080319363,5,0.7136829076178688,27.60434748368452,0.6860785601341842
241,8.239526402232341,13.059714867900675,5,0.7136829076178688,27.60434748368452,0.6860785601341842
155,0.8365719306022203,5.505772068823699,5,0.7049997168903233,27.386127875258307,0.677613589015065
168,0.17435126925801026,5.414461185839064,5,0.7049997168903233,27.386127875258307,0.677613589015065
254,7.362865999346262,11.379657793359122,5,0.6922371813234031,27.92848008753788,0.6643087012358652
419,13.744616608484499,50.239579628915855,2,0.6952119443967736,34.88552708502482,0.6603264173117488
424,13.96246266384314,50.05474352077024,2,0.6952119443967736,34.88552708502482,0.6603264173117488
418,13.886439269969095,49.92325337088644,2,0.6899284914275868,34.88552708502482,0.655042964342562
166,1.2353146560006643,5.80354503813075,5,0.6797793374346532,27.386127875258307,0.652393209559395
161,4.764021685290146,8.581550608975764,5,0.6571747955521563,30.166206257996713,0.6270085892941596
229,17.74838571042928,24.34173195670252,5,0.6455857511187506,27.331300737432898,0.6182544503813177
171,8.749481106058855,11.268279669846493,5,0.6450118764845606,28.0178514522438,0.6169940250323168
423,14.220562980735822,50.744662939735306,2,0.6472123368920522,34.88552708502482,0.6123268098070274
421,14.053345427423261,49.79153153058758,2,0.641712822345304,34.88552708502482,0.6068272952602792
151,0.898688888191522,4.148572843614957,4,0.6326793470121312,29.49576240750525,0.603183584604626
157,1.0703126949721202,79.17749469360331,5,0.6225728662828787,27.748873851023216,0.5948239924318555
153,5.644261951400473,8.30220137467195,5,0.6194947597988733,30.166206257996713,0.5893285535408765
49,4.389578511317261,7.119732727402637,4,0.6110738459662175,30.215889859476256,0.5808579561067413
3,17.40712245760297,88.54190528383712,3,0.6040638606676343,26.92582403567252,0.5771380366319617
185,0.6378681902784162,4.343115531033783,3,0.6020489540518986,30.099833886584822,0.5719491201653139
148,1.2876348002097586,4.7137995866441855,4,0.5966759002770083,30.298514815086232,0.5663773854619221
144,1.3174755583008184,4.38447945591858,4,0.5966759002770083,30.298514815086232,0.5663773854619221
160,4.121648149985434,81.53307332316483,5,0.5883789451331192,27.748873851023216,0.560630071282096
126,8.697166512211258,45.74534648987705,1,0.5878095951088652,32.817678162843876,0.5549919169460213
141,0.29905740583744134,3.1075058046101702,4,0.5763072304228171,30.099833886584822,0.5462073965362323
81,21.52141268240938,38.57578699451621,4,0.5859537160382912,47.7179211617606,0.5382357948765306
283,17.498085528281347,22.090944381438838,5,0.5680863074703631,31.76476034853718,0.536321547121826
31,2.363560051289204,97.59982222714024,3,0.5455831940564346,27.748873851023216,0.5178343202054114
134,2.7301451767766025,4.749194197069883,4,0.5352693087794984,31.080540535840107,0.5041887682436583
159,1.9119245594676393,3.8268295774035863,5,0.527255669502766,31.654383582688826,0.4956012859200772
36,12.315174724417693,93.3369378065367,4,0.5178934357060508,28.178005607210743,0.4897154300988401
439,23.383541829622278,49.668188933704414,4,0.5376385295902398,48.47679857416329,0.4891617310160765
519,22.976763448266915,47.174552223926796,4,0.5348671880049117,47.7179211617606,0.48714926684315113
235,17.500735437105813,21.33683327702922,5,0.5173983739837399,32.38826948140329,0.4850101045023366
289,17.461689221025356,21.6953345292372,5,0.5173983739837399,32.38826948140329,0.4850101045023366
482,22.03595737198865,46.506538381929595,4,0.5311862100249489,47.7179211617606,0.4834682888631883
500,22.455697363635508,46.6419058222276,4,0.5311862100249489,47.7179211617606,0.4834682888631883
463,22.57552849350514,46.5514667231369,4,0.5311862100249489,47.7179211617606,0.4834682888631883
499,22.049807735907066,46.47118562197918,4,0.5311862100249489,47.7179211617606,0.4834682888631883
460,23.760997780125887,46.24954439196837,4,0.5233967674661105,48.47679857416329,0.4749199688919472
449,24.513260890915237,49.373128402097734,4,0.5212363941733148,48.47679857416329,0.4727595955991515
33,14.685256336503821,103.3283455847522,2,0.4914856600590468,27.748873851023216,0.4637367862080236
179,18.650942702603608,25.212264224092692,5,0.5108276087667648,47.29693436154187,0.46353067440522294
131,21.135765907504773,63.67977179078066,3,0.518056638087815,59.67411499134277,0.4583825230964722
143,1.7165261639477212,107.2640602192722,4,0.47488372093023257,28.231188426986208,0.4466525325032464
41,1.5322606282564544,107.06876794379194,4,0.47488372093023257,28.231188426986208,0.4466525325032464
123,12.225660674881954,116.87579756590907,3,0.469558737424815,28.583211855912904,0.4409755255689021
142,2.7632763705023393,109.46178853544042,4,0.4690259014303775,28.231188426986208,0.4407947130033913
146,3.419975944007625,110.13124448830237,4,0.4658252063795721,28.583211855912904,0.4372419945236592
145,3.431647042733676,111.3532615600756,4,0.464357143597343,28.583211855912904,0.4357739317414301
470,22.311539124921325,45.62360588480146,4,0.49467681861630247,61.106464469808756,0.4335703541464937
507,22.159902597719196,45.227355683689474,4,0.49467681861630247,61.106464469808756,0.4335703541464937
139,5.969064189532848,112.8230992206802,4,0.4614177131526768,28.583211855912904,0.43283450129676393
534,24.38652936011465,46.00868544065121,4,0.48044805151250924,48.47679857416329,0.43197125293834593
466,24.610491262348255,46.500372730626694,4,0.48044805151250924,48.47679857416329,0.43197125293834593
498,24.290532002307188,46.554916875110756,4,0.48044805151250924,48.47679857416329,0.43197125293834593
484,24.26377503680422,46.88328875298096,4,0.48044805151250924,48.47679857416329,0.43197125293834593
471,24.07545541227109,46.64225922858262,4,0.48044805151250924,48.47679857416329,0.43197125293834593
541,22.698325356809775,44.734189214912064,4,0.49116199160802193,61.106464469808756,0.43005552713821316
140,0.5683213779574459,116.12019771121105,4,0.45740721911540416,28.583211855912904,0.42882400725949127
167,3.316099989327218,5.783651935456911,5,0.4492062410574368,35.93048844644336,0.4132757526109934
173,4.793418683018794,6.743279387918278,5,0.44701388178314405,35.93048844644336,0.4110833933367007
80,14.449800838059069,117.8251552723772,5,0.43816198451822375,28.583211855912904,0.40957877266231085
189,19.32148101029021,36.27645831082912,3,0.4546471804957445,76.61592523751182,0.37803125525823267
481,24.702624389739174,45.09006519713927,4,0.41455178416013927,36.837480912787726,0.37771430324735156
176,6.822152053990352,8.655424169220908,5,0.4405930400164733,67.66830868286867,0.37292473133360465
487,24.152766003014875,44.872949176082514,4,0.40879074805212956,36.837480912787726,0.37195326713934185
39,47.29119299632691,131.49170700436366,5,0.3886229448195487,29.171904291629644,0.35945104052791904
198,18.992371331936788,31.621358399966866,3,0.4305019305019305,77.02596964660685,0.3534759608553236
56,55.96405385602065,136.75361134187963,5,0.3762646720801854,30.01666203960727,0.3462480100405781
125,55.634169635697134,136.29723323248803,5,0.3762646720801854,30.01666203960727,0.3462480100405781
122,66.33234349198872,132.10125822603084,5,0.36843283654735365,29.171904291629644,0.339260932255724
37,47.57960771048582,141.19580061546225,5,0.36920296403397795,31.32091952673165,0.3378820445072463
23,65.00232404135322,103.21638674038326,5,0.3615953602700468,28.231188426986208,0.3333641718430606
175,19.334909706530176,24.974021442658877,5,0.38359083644112946,77.92303895511263,0.3056677974860168
101,68.1504552576625,99.94633630090442,5,0.3281591161275697,27.748873851023216,0.3004102422765465
464,25.270003631644826,46.01305024407304,4,0.3407656096047878,43.23193264243457,0.2975336769623532
493,25.81601336964122,46.349662985389514,4,0.3407656096047878,43.23193264243457,0.2975336769623532
14,92.40267594015276,141.898974766226,5,0.32822559391589173,31.32091952673165,0.2969046743891601
94,72.83906186075136,146.8861633377755,5,0.33457281519500015,46.184412955021955,0.2883884022399782
102,40.38599350018405,91.77693558051601,4,0.314624750442876,28.178005607210743,0.2864467448356653
91,98.41885491855624,144.16042344934334,5,0.31732385439916233,33.555923471125034,0.2837679309280373
46,101.96236291991613,143.63988726465644,5,0.31560805178017776,33.555923471125034,0.28205212830905274
21,91.68274237517909,146.26110168217355,5,0.32084801889221315,46.184412955021955,0.2746636059371912
495,27.80040711605217,47.98114196425771,4,0.3272647188371752,58.008620049092706,0.2692560987880825
215,17.539468332569786,20.658575783735138,5,0.3451843217251931,79.35993951610598,0.2658243822090871
114,99.69973373521614,147.72388654023288,5,0.3053585917381028,46.184412955021955,0.25917417878308086
86,11.26914672292631,71.50059222433273,1,0.2980277024992472,44.11349000022555,0.25391421249902163
124,44.691355305764326,125.41690882642078,4,0.28165463250660683,28.583211855912904,0.25307142065069393
129,107.42969145242824,136.39347640526728,5,0.28078296247093987,30.01666203960727,0.2507663004313326
16,74.7235601936493,92.02843995696182,5,0.27779041908152746,28.442925306655784,0.24934749377487167
506,25.462905591624004,45.5210769828112,4,0.32976618045884337,83.66600265340756,0.2461001778054358
64,49.622149341765414,119.60073389190077,4,0.2677370660079594,28.583211855912904,0.23915385415204649
536,26.63507791597319,46.476751642057515,4,0.3226827652212324,83.66600265340756,0.23901676256782484
503,26.27828666373125,46.84857191157968,4,0.3226827652212324,83.66600265340756,0.23901676256782484
17,48.58800210491734,111.33050405501635,4,0.26674121747819984,28.583211855912904,0.23815800562228695
26,52.89436833414788,132.515032949585,4,0.26588686398690276,29.154759474226502,0.23673210451267626
486,26.210063272577372,44.511208011297725,4,0.3128888888888889,83.66600265340756,0.22922288623548132
18,55.96886834684799,142.5457334824581,4,0.2525155288943833,30.903074280724887,0.2216124546136584
195,18.442403342287534,25.734578535521937,3,0.29685685385681637,77.92303895511263,0.21893381490170374
32,27.78315951573721,142.35472083246992,3,0.24729622371696414,29.949958263743873,0.21734626545322028
9,113.51000152716976,141.92718894062116,5,0.24887172189469403,33.793490497431605,0.21507823139726243
458,28.53725781395219,47.417772714904636,4,0.2715543412264724,58.008620049092706,0.21354572117737966
191,17.654697934395013,22.80128418876771,3,0.24741469460474844,40.19950248448356,0.20721519212026487
521,27.189936681944424,46.815059675029,4,0.2603482511073774,58.008620049092706,0.2023396310582847
42,115.51045099667706,137.47526717605092,5,0.23257959323779284,34.68429039204925,0.19789530284574358
67,81.79852034323154,96.02460626903597,5,0.22687068931015622,33.13608305156178,0.19373460625859443
107,76.11029676507944,145.77593801853732,4,0.2236180904522613,31.32091952673165,0.19229717092552964
203,17.800860023236048,20.80029502051532,4,0.27605612380698885,86.87347120957007,0.1891826525974188
483,28.608541516374416,46.635570732717035,4,0.24021331684507477,58.008620049092706,0.18220469679598206
133,120.0484015449911,148.04139114092317,5,0.22077424300498275,46.184412955021955,0.1745898300499608
103,83.21161000380863,138.3140986850534,4,0.19226850989713984,30.01666203960727,0.16225184785753258
287,17.21321918777742,19.407138482830433,5,0.20656683393259315,50.0999001995014,0.15646693373309176
58,38.44898317673111,132.8542470996757,3,0.16593844528736737,28.792360097775937,0.13714608518959143
62,13.188951624012141,133.68440593733348,1,0.17338384652587457,39.6232255123179,0.13376062101355668
69,36.41595330959818,149.3968198842705,3,0.16316484068961185,31.32091952673165,0.13184392116288018
93,126.15567343320147,140.2394569130805,5,0.1546891984266616,33.793490497431605,0.12089570792922999
118,95.03982886005988,141.09571898018538,4,0.1506846299476071,30.903074280724887,0.1197815556668822
120,35.96605347656515,92.49992530720812,3,0.1635655560363479,45.92385001282014,0.11764170602352775
75,68.51593508326069,106.41707963185196,4,0.1572923044161099,40.13726448077895,0.11715503993533094
5,36.707413070037795,95.90107540716161,3,0.1623906515210863,45.92385001282014,0.11646680150826616
178,18.9717596050374,20.85262139837198,5,0.20103174603174603,94.37690395430441,0.10665484207744162
206,18.582493389681353,23.256648373128698,3,0.21392604248623132,107.75435026020992,0.1061716922260214
190,18.858148571912565,23.193862206605708,3,0.21392604248623132,107.75435026020992,0.1061716922260214
202,18.450011440549865,23.34281962819103,3,0.21392604248623132,107.75435026020992,0.1061716922260214
100,102.45023917830626,140.7293395254966,4,0.13022802925658386,44.51965857910413,0.08570837067747973
106,52.43040498406207,138.398692825601,3,0.11440262257423847,29.086079144497972,0.0853165434297405
128,56.34731551836765,143.5511366551763,3,0.1083184205968943,30.166206257996713,0.07815221433889759
57,58.28431372527323,141.49754292951928,3,0.09414270500532482,29.949958263743873,0.06419274674158094
53,110.5013035998314,145.96949787553797,4,0.10695163551659803,55.072679252057455,0.051878956264540574
30,110.26178663099624,141.24692175015915,4,0.10460852272074123,55.072679252057455,0.04953584346868377
1,48.93358186999576,101.18921140749512,3,0.09283807348652028,48.67237409455183,0.044165699391968447
117,113.22335417337132,147.5179106275515,4,0.09434846585644995,54.67174773134658,0.039676718125103365
119,121.60055223637077,129.29614730675672,5,0.06914144500837031,37.3496987939662,0.031791746214404115
105,116.7889445855523,148.9698655199397,4,0.08079225160518011,50.57667446560717,0.030215577139572937
25,39.22929653357761,62.54976695108337,3,0.08218018704244424,60.74537019394976,0.021434816848494485
34,24.839060143291103,142.5490296205167,2,0.07164701851452356,53.60970061472084,0.01803731789980271
172,18.550607301847233,19.19593636093339,5,0.061725749067684,58.81326381013045,0.0029124852575535473
47,68.42157041960502,84.76028934285662,4,0.06214841722885314,61.72519744804386,0.0004232197808092808
63,67.78274354283656,82.87182390277007,4,0.06057194325602342,63.3798075099633,-0.002807864253939883
19,69.83382203031903,147.643039661235,3,0.051581915004698754,54.67174773134658,-0.003089832726647826
85,70.71298915020115,118.27470397403283,3,0.025327560347511106,29.5296461204668,-0.004202085772955697
50,85.30705138827724,141.77902955781735,3,0.02284008210487031,29.949958263743873,-0.007109876158873561
72,89.00769904848401,131.6648808202546,3,0.019688533849753893,29.5296461204668,-0.00984111227071291
199,20.328712827052662,26.852542197593785,3,0.0964643710942415,108.74741376235114,-0.012283042668109645
79,103.12617059511206,146.40864238208138,3,0.016994978756276556,30.166206257996713,-0.013171227501720156
35,100.72746580492527,149.814856358934,3,0.01794098116196978,31.32091952673165,-0.013379938364761874
45,88.22291536839427,94.61390888488947,5,0.03973310590478102,56.32938842203065,-0.01659628251724963
121,110.20144332129497,149.44459857555813,3,0.013636791121978745,31.32091952673165,-0.01768412840475291
552,22.425280844927293,44.41003317633045,2,0.04636905275882912,64.45153217728807,-0.01808247941845896
115,41.129069401098846,138.21270192459127,1,0.0026198585276395073,31.76476034853718,-0.029144901820897674
65,104.92687225006354,121.06294886291943,4,0.023319730157408177,55.326304774492215,-0.03200657461708403
89,35.75682720825959,101.11233187252975,1,0.0034704147145583897,37.70941526992961,-0.03423900055537122
130,33.34294104579931,104.04341407499965,1,0.0033944482904933117,37.66961640367472,-0.03427516811318141
127,37.43562114441306,148.8188416097011,1,0.003233168505135032,39.25557285278104,-0.03602240434764601
520,23.326435628756542,46.7406221151882,2,0.03578252562098315,73.0,-0.037217474379016846
15,130.6428023482976,149.45828428015741,3,0.0018704699555763386,39.21734310225516,-0.03734687314667882
111,141.58659371860534,149.07453915929472,3,0.0007357384975168826,39.824615503479755,-0.03908887700596288
28,110.03608457277704,148.4103518369461,1,0.0,39.25557285278104,-0.03925557285278104
517,23.049762382325177,45.570962668059295,2,0.033220280024349944,73.0,-0.03977971997565005
512,23.17047139645164,45.74336690969347,2,0.033220280024349944,73.0,-0.03977971997565005
549,23.336043922609974,45.309496045357875,2,0.033220280024349944,73.0,-0.03977971997565005
52,87.07638019372952,136.96304312893864,1,0.0,40.024992192379,-0.040024992192379004
59,123.10709161962711,129.2214556894102,3,0.0008438988125138139,41.0,-0.040156101187486186
548,23.186955062255855,44.93504654095811,2,0.032107896454209264,73.0,-0.04089210354579073
540,23.64570895799453,44.85732227285897,2,0.032107896454209264,73.0,-0.04089210354579073
207,18.152758232898627,21.20907651102998,3,0.06747131829231885,108.60018416190647,-0.041128865869587625
187,18.081158091758688,21.269714726005315,3,0.06747131829231885,108.60018416190647,-0.041128865869587625
196,18.486729585672656,21.806755295464427,3,0.06747131829231885,108.60018416190647,-0.041128865869587625
82,120.22869348032097,131.33175854619594,4,0.012724405963873751,55.190578906186516,-0.042466172942312766
87,38.601043030564696,127.66999895492573,2,0.011324054298123647,55.18151864528558,-0.04385746434716194
13,49.12706281581545,141.3007632678154,2,0.010253277197083395,55.072679252057455,-0.04481940205497406
7,68.84726643110878,124.94676208916502,2,0.003895011729296685,55.326304774492215,-0.05143129304519553
4,98.92364172905476,122.5553723087845,2,0.0009756711673433419,55.326304774492215,-0.05435063360714887
92,117.07003329567333,124.75872206308416,3,0.0009382684094732755,55.39855593785816,-0.05446028752838489
54,89.2368434867525,112.98462684424275,2,0.0010744384380351208,55.54277630799526,-0.054468337869960144
84,102.93104396654483,106.35516905751298,4,0.0010932816081819785,56.04462507680822,-0.05495134346862624
48,129.32791036309854,145.36028164520394,2,0.0,55.072679252057455,-0.05507267925205746
104,84.07261515126045,125.85158379777192,1,0.0,55.25395913416522,-0.05525395913416522
83,80.55156056039988,121.49671839071135,1,0.0,55.326304774492215,-0.05532630477449221
97,77.89918554473961,105.03735059555541,2,0.0011625372375208894,56.621550667568265,-0.055459013430047374
98,127.30075561253211,141.04069591764375,1,0.0,56.124860801609124,-0.056124860801609125
38,136.31814672682978,141.49382772979237,2,0.0,56.302753041036986,-0.05630275304103699
61,78.07662788018186,102.49188052841207,2,0.0009313154831199069,58.966091951222275,-0.058034776468102366
22,84.8397991719112,100.78614688459584,2,0.000940593001132987,59.09314681077663,-0.058152553809643646
10,44.771766973928436,98.10445086023846,1,0.0010655898600712263,62.00806399170998,-0.06094247413163875
110,53.84834349095963,77.03054931461546,3,0.0023453346855983772,65.00769185258002,-0.06266235716698165
76,40.793819070111425,85.64770651174595,2,0.002214406669271851,66.29479617586888,-0.06408038950659703
112,57.93398568362132,98.13009083851564,1,0.0005816828083645988,64.66838485689897,-0.06408670204853437
51,25.530587363957043,73.67053385411477,1,0.00395778364116095,78.92401408950256,-0.07496623044834161
539,29.080748106505347,45.98303443583472,2,0.002647370278856336,78.16648898345122,-0.07551911870459488
60,35.986263259073,92.7418187936228,1,0.0015807436680438298,81.20344820264715,-0.07962270453460334
547,28.649369150784104,46.2654127032432,2,0.006521260189469046,86.15103017375938,-0.07962976998429033
511,24.653015732355748,46.14559271961801,2,0.020574330239887934,100.44401425669923,-0.0798696840168113
798,45.20870016826513,59.37882055850265,2,0.0005303164221318721,80.48602363143554,-0.07995570720930367
108,143.06357057034475,145.83654504141546,4,0.0,80.33679107357973,-0.08033679107357973
11,37.241990545857256,87.29694234017384,1,0.00041473125414731257,81.36952746575342,-0.0809547962116061
0,35.802956324435094,85.24651199675279,1,0.00042158516020236085,82.04267182387468,-0.08162108666367232
99,68.24517900299016,98.40510324622664,1,0.00012756322352265842,82.05485969764375,-0.0819272964741211
522,24.715537181792698,45.94015804215798,2,0.018318871066701728,100.44401425669923,-0.0821251431899975
24,63.82209739722556,92.03652857691776,1,0.0002393394231919901,82.52272414311103,-0.08228338471991906
509,26.721495995784373,47.57056184477214,2,0.01745001753770607,100.44401425669923,-0.08299399671899316
553,25.01493316768797,45.00309194847655,2,0.016406387085453587,100.44401425669923,-0.08403762717124565
543,26.193043971831614,45.09987350345183,2,0.015187428671758405,100.44401425669923,-0.08525658558494083
518,24.684898485783187,43.174645431675856,2,0.01466455918510713,100.58329881247681,-0.08591873962736968
73,64.99910789731886,81.41088958754344,1,0.0,86.97700845625813,-0.08697700845625814
20,34.690658458626864,76.80679937793924,1,0.0002637710467314371,88.26097665446491,-0.08799720560773348
74,52.19337302280163,80.44923009223274,1,0.0,88.91006692158093,-0.08891006692158093
90,36.442522246408885,43.11756590366167,3,0.002120797066230725,93.23625904121208,-0.09111546197498135
792,92.93641374431226,93.05037189423103,3,0.0,91.7877987534291,-0.0917877987534291
27,131.4999030486348,141.13248480596005,2,0.0,92.33634170791044,-0.09233634170791044
70,129.46953294537235,136.61705597243179,2,0.0,96.0728889958036,-0.0960728889958036
68,130.93327197761909,149.9060063381698,1,0.0,102.06370559606387,-0.10206370559606387
201,18.085420724001604,20.30759640087441,3,0.025732728541521283,130.52202879207786,-0.10478930025055658
43,141.2867288110948,142.7625026878978,4,0.0,107.28000745712129,-0.10728000745712128
2,83.7503151270021,88.20086091150735,2,0.0,107.71722239270747,-0.10771722239270747
8,133.4258482249271,139.36721532215603,2,0.0,116.62332528272378,-0.11662332528272379
116,137.4529921189623,147.5544310181041,1,0.0,126.44761761298629,-0.12644761761298628
95,32.10563791952017,61.261217238636945,2,0.0035930242748225395,131.88252348207476,-0.12828949920725224
769,47.42232201535382,59.66910519875005,2,0.0,133.61511890501015,-0.13361511890501016
192,19.085824268570306,21.782190622255012,3,0.016308636562911004,154.5833108715168,-0.1382746743086058
186,18.277461011595967,19.918951006258887,3,0.0014143646408839778,165.05150711217394,-0.16363714247128996
194,18.289078146747602,19.258435655119268,3,0.0014143646408839778,165.05150711217394,-0.16363714247128996
197,18.951672229338193,19.173155546514145,3,0.0014143646408839778,165.05150711217394,-0.16363714247128996
12,31.51919370014023,37.311165094282515,1,0.0,inf,-inf
787,147.5042184253946,147.54827672633775,3,0.0,inf,-inf
791,96.09401082130279,96.19510647159487,1,0.0,inf,-inf
29,23.28555350792944,31.636153086008814,1,0.0,inf,-inf
788,72.73177805792919,74.67999549547334,3,0.0,inf,-inf
6,43.326678003166805,61.72405446637278,1,0.0,inf,-inf
752,95.10362857331366,95.21324074168564,1,0.0,inf,-inf
71,53.482801169262714,54.49249301951469,1,0.0,inf,-inf
782,97.1715796999179,97.26325254706897,3,0.0,inf,-inf
780,149.36899852346846,149.9193257546783,3,0.0,inf,-inf
77,130.04154096862726,130.85739525749804,3,0.0,inf,-inf
750,95.43296361620267,95.54693486908866,2,0.0,inf,-inf
775,148.29986316744186,148.32916463339768,2,0.0,inf,-inf
96,149.2236472447806,149.78137722475407,5,0.0,inf,-inf
113,143.00407798195175,145.66508547099946,2,0.0,inf,-inf
200,17.350604541060648,17.431604242858903,3,0.0,inf,-inf
763,94.95043118881435,95.06199913668874,1,0.0,inf,-inf
566,61.72330567902709,62.743330320840926,2,0.0,inf,-inf
799,134.33667608963736,135.7922714673661,2,0.0,inf,-inf
